ticker,slot,median_volume,mean_volume,mean_abs_return,realized_variance,mean_hl_range,median_hl_range,n_obs,rms_return,median_volume_norm,mean_volume_norm,mean_abs_return_norm,realized_variance_norm,mean_hl_range_norm,rms_return_norm
AAPL,09:30,2604939.0,3155537.482427833,,,0.0072584458127909895,0.006487617718869946,1281,,4.321852274528256,4.415676448582544,,,3.42309383687244,
AAPL,09:35,1377651.0,1568986.9497154746,0.002442172302379046,1.077914847318498e-05,0.00481797161970464,0.004259224397590367,1281,0.0032831613535105127,2.285659705603903,2.195549493730481,2.33913136955495,4.498781814476112,2.2721625790157547,2.211135408770598
AAPL,09:40,1194991.0,1373680.826636872,0.002133168883572128,8.26993875076498e-06,0.004122395657485535,0.0036494948330835874,1281,0.0028757501196670374,1.982608641273671,1.9222494132387664,2.0431655240956137,3.4515388809538963,1.9441279210793478,1.9367530960892538
AAPL,09:45,1139193.0,1313013.0540997565,0.0020493506651577385,7.370930974741995e-06,0.003957377490073582,0.00347269976619444,1281,0.002714945851162044,1.8900342227501938,1.8373544449894927,1.962883791376627,3.076329295159056,1.8663051079856123,1.828455034042238
AAPL,09:50,1014434.0,1198737.3246353967,0.0017555211526782662,5.5773585880457824e-06,0.003509331172596451,0.003164556962025397,1281,0.0023616431965997283,1.683046662612367,1.6774436056949689,1.6814516298242945,2.3277645215790077,1.6550057985264672,1.590513633848767
AAPL,09:55,939119.0,1106282.0709671273,0.0016016104846082945,4.420641143999057e-06,0.0031255316946218045,0.0028397227094294594,1281,0.0021025320791843004,1.5580916045261333,1.5480670768328881,1.5340348110187916,1.844997314622901,1.4740053940962656,1.4160081177215245
AAPL,10:00,985525.0,1131225.4247922692,0.0017176438386845123,5.3315856267632284e-06,0.003489934916930782,0.0030566557602893403,1281,0.0023090226561823138,1.6350837631339772,1.582971361965828,1.6451724478554537,2.2251888003651787,1.6458584955169784,1.5550748821038425
AAPL,10:05,865729.0,990325.216622484,0.0015153877250254518,4.101961762570052e-06,0.0030360035233219286,0.0027084159069890117,1281,0.00202533003793704,1.4363303124468836,1.385803768717337,1.4514499903190607,1.7119933941937682,1.4317837754044227,1.3640142774405217
AAPL,10:10,822519.0,951991.3814714731,0.0015231486087273055,5.3889818330773765e-06,0.0029826417375830973,0.0026161269693623455,1281,0.0023214180651225614,1.3646406349602453,1.332161619320357,1.4588834242765212,2.249143661904414,1.4066182779138705,1.5634229115373235
AAPL,10:15,795395.0,915677.9618875558,0.0013936597338554061,3.4880624049355476e-06,0.0028087966125242337,0.002486411472186925,1281,0.001867635511799759,1.3196392275974225,1.281346722486734,1.3348579863800332,1.4557765628814308,1.3246326584702923,1.2578105570115476
AAPL,10:20,752594.0,860558.2981610787,0.0014144669230297445,4.304940362281392e-06,0.0027247545393884872,0.0023913581264946504,1281,0.0020748350204971458,1.2486281216935669,1.2042154564738417,1.354787271820928,1.7967084749240168,1.2849982918291591,1.3973547709658183
AAPL,10:25,708690.0,825376.0899111264,0.001317224272445241,3.099671658798077e-06,0.0026040001825854285,0.0022850998050944512,1281,0.0017605884410611349,1.17578702934519,1.154983511284297,1.2616475149662214,1.2936779305097978,1.2280503576282005,1.1857167598966858
AAPL,10:30,717947.0,808448.6713965152,0.0012628990648121136,2.842824809804109e-06,0.0025781188503892433,0.0022792888618751814,1281,0.0016860678544483637,1.191145310865528,1.1312962619055444,1.2096144142679435,1.186480415211251,1.2158446828851739,1.1355288190677437
AAPL,10:35,680001.0,774513.0825221429,0.0012320428419315224,2.754296993375267e-06,0.0024738173797377166,0.0021775279119487343,1281,0.0016596074817182727,1.1281891316961696,1.0838087636914355,1.180060087238823,1.1495324752495635,1.1666559542547554,1.1177083525194844
AAPL,10:40,663854.0,754265.1382283919,0.0012401931153744542,2.755177880457913e-06,0.002390509048966541,0.002129402129402055,1281,0.00165987285069005,1.1013996565196655,1.0554749627944366,1.1878664816780036,1.1499001219888094,1.1273676216036521,1.117887072559929
AAPL,10:45,632573.0,733787.5293587127,0.0012160314658733375,2.6612443487014136e-06,0.0023614034256986003,0.002079536426935939,1281,0.0016313320779968172,1.0495013736809815,1.0268197825873686,1.164724268397967,1.1106960544794962,1.1136413663974414,1.0986655033768604
AAPL,10:50,619326.0,721428.3814228368,0.0011908408743285138,2.6744571460476606e-06,0.002311216824699958,0.001990166237415145,1281,0.0016353767596635523,1.0275232862552584,1.009525106555504,1.140596526533586,1.116210543176588,1.089973290751097,1.1013895056075031
AAPL,10:55,609785.0,686315.9127413895,0.0011044548922979284,2.3676621767709984e-06,0.002176686995515132,0.0019036223213314168,1281,0.0015387209548098702,1.0116938205551886,0.9603907508802327,1.0578553701210316,0.9881666970427211,1.0265288232940881,1.0362939926054757
AAPL,11:00,610271.0,720313.5318311678,0.0011979053403587943,2.6663985648065057e-06,0.0023237151783982806,0.002039544501728025,1281,0.0016329110706975152,1.0125001427782505,1.0079650505862567,1.1473629263017295,1.1128472163954075,1.095867532937267,1.0997289194855357
AAPL,11:05,572956.0,683162.7110305277,0.0011815152045992633,2.9444058275238007e-06,0.002262390522425041,0.001926669780476486,1281,0.0017159271043735514,0.9505908552194932,0.9559783429751395,1.1316643285127712,1.2288762349135371,1.066946734005298,1.155638353044293
AAPL,11:10,554614.0,663281.5075005183,0.0011497732352124786,2.9460419668643423e-06,0.002167270350106445,0.0018610421836227032,1281,0.0017164037889914898,0.920159657245415,0.9281577378687806,1.1012616266838495,1.2295590934834406,1.0220879193190684,1.1559593894247966
AAPL,11:15,536012.0,658345.7550996401,0.0010533863479562017,2.06910120281316e-06,0.0020877694872810763,0.0018500703026715017,1281,0.0014384370694657308,0.8892970934729909,0.9212509317370329,1.0089415265110322,0.8635593884510315,0.9845951942119949,0.9687550489052458
AAPL,11:20,536750.0,630320.2283683053,0.0010653807394592346,2.1166752700532604e-06,0.0020482264670456463,0.0017656012176559637,1281,0.0014548798129238238,0.8905215087006035,0.8820336322957145,1.0204298467233843,0.8834148852996792,0.9659466470780218,0.9798288672049908
AAPL,11:25,530544.0,621964.5296262194,0.0010064377076947153,1.936315113988828e-06,0.0019659037414898623,0.0017337488478250528,1281,0.0013915154019948281,0.880225138913932,0.8703411512675723,0.9639737586403488,0.8081398306720112,0.9271231273118545,0.9371543600531619
AAPL,11:30,519394.0,618654.6476880523,0.0010398034867567247,2.0721650331584654e-06,0.002051712825923472,0.0017515435477514808,1281,0.0014395016613948264,0.8617261825617909,0.8657094941241089,0.9959317578353919,0.8648381076628867,0.9675908191081802,0.9694720276512943
AAPL,11:35,496997.0,596117.418795872,0.0009626291111092408,1.8657301173224877e-06,0.00193939119152789,0.0016706617273190834,1281,0.0013659173171617993,0.8245673372327412,0.834172200908708,0.922013548695524,0.7786804999867218,0.914619769332014,0.9199146250305431
AAPL,11:40,477170.0,578939.0240717806,0.0009928844463487896,1.8520836564725097e-06,0.001904340287208098,0.0016220600162206232,1281,0.0013609128026705127,0.7916723769104183,0.8101337499538287,0.9509923409315542,0.7729850176342368,0.89808971074255,0.9165441969571383
AAPL,11:45,464729.0,552821.2368523122,0.0009386364893405749,1.712979987553056e-06,0.0018334847603293037,0.0015925431508934794,1281,0.0013088086137984637,0.7710315234595673,0.7735860307280805,0.8990332314745473,0.7149287567321327,0.8646741389214126,0.8814531963771421
AAPL,11:50,448695.0,550813.2272984161,0.0009495583140037688,1.6897891002247585e-06,0.0018223129466206826,0.001579632038654541,1281,0.0012999188821710217,0.7444295264954212,0.7707761384212884,0.9094942389380947,0.7052498157254613,0.8594054949666315,0.8754661618517487
AAPL,11:55,442052.0,541257.8670230851,0.000894413414259125,1.6148142081747809e-06,0.0017806331638287097,0.0015533310321021354,1281,0.0012707534017954785,0.7334081303476836,0.7574049205034341,0.8566760308460603,0.6739583197658472,0.8397492474341416,0.8558238660799576
AAPL,12:00,456804.0,553635.2982148384,0.0009546543409658171,1.776214986644465e-06,0.001870662472076992,0.0015865087992479375,1281,0.001332747157807686,0.7578831621061397,0.7747251810649803,0.9143752526632166,0.7413204948790317,0.8822072030559229,0.8975752679398473
AAPL,12:05,440811.0,539522.4122475901,0.0009539423221235985,1.784881199265862e-06,0.0018249284206468387,0.0015414918215294392,1281,0.001335994460791609,0.7313491882101941,0.7549764255727266,0.9136932755529508,0.7449374224905692,0.8606389564059465,0.8997622535423311
AAPL,12:10,434129.0,534678.2101493755,0.0008399757165815881,1.4554602808625146e-06,0.001712727323137521,0.0014684287812039877,1281,0.0012064245856507213,0.7202630871927048,0.7481977296338012,0.8045351863201315,0.6074504177695825,0.8077247520045518,0.8124998536826147
AAPL,12:15,429168.0,529999.9766419423,0.0009173290392660178,1.7321514408298921e-06,0.0017678925036792854,0.0014758298061929983,1281,0.0013161122447686185,0.7120322959404203,0.7416512805313019,0.8786247923050137,0.7229301480826151,0.833740733165381,0.8863720277447918
AAPL,12:20,413544.0,502541.5872879781,0.0008693099481900261,1.4936475822656562e-06,0.0017031775652119289,0.0014437590234939515,1281,0.0012221487561936378,0.6861105296582811,0.7032276002988544,0.8326317384308262,0.6233882571567796,0.8032210719686533,0.8230897292681733
AAPL,12:25,397162.0,487916.2018683489,0.0008331512216281749,1.383662708385497e-06,0.0016234946736431721,0.001373872528522897,1281,0.0011762919316162536,0.6589311661640411,0.682761682746447,0.7979986326906651,0.5774850068480557,0.7656425018355651,0.7922061881810382
AAPL,12:30,408606.0,491705.8647604231,0.0008659154002412494,1.5840824227295499e-06,0.0016915343116792434,0.0014118521270666746,1281,0.0012586033619570345,0.677917897688158,0.6880647175776874,0.8293804143597493,0.6611321120341954,0.7977300962919259,0.8476410872238312
AAPL,12:35,384860.0,474250.2142052178,0.0008152054536664159,1.3773601416616093e-06,0.0016182251508571285,0.0013848940023436184,1281,0.0011736098762628105,0.6385209275053829,0.6636382908657462,0.7808100384423345,0.5748545697005868,0.7631573870551561,0.7903998841582585
AAPL,12:40,376483.0,459937.6524618291,0.0007773370028485088,1.1140742343751723e-06,0.0015683548848092433,0.0013065128432676939,1281,0.001055497150339674,0.6246226533025232,0.6436101206535071,0.7445393456913252,0.4649696511789955,0.7396384954419027,0.7108536168888122
AAPL,12:45,373204.0,473145.5140646269,0.0007981536321622714,1.260259327947018e-06,0.0015804448602441642,0.0013504388926402233,1281,0.001122612723937787,0.6191824669456917,0.6620924374506887,0.764477672970193,0.5259814131140444,0.7453401458318921,0.7560544478208828
AAPL,12:50,375996.0,460962.8375418517,0.0008317618032692166,1.3431835651659106e-06,0.0015983211759828331,0.0013633729847642294,1281,0.001158957965228209,0.6238146719802368,0.6450447052966948,0.7966678371257049,0.5605906451241336,0.7537706429120231,0.7805321512610851
AAPL,12:55,366372.0,447744.868542548,0.0007429931446336464,1.0554314538236948e-06,0.0014871797226741089,0.001283393562768062,1281,0.0010273419361749498,0.6078475010445412,0.626548244794057,0.7116445347790592,0.4404945198315054,0.7013561682910641,0.6918917127123467
AAPL,13:00,409708.0,504732.14911988913,0.0008712877635472489,1.516076143444276e-06,0.001763347474949009,0.0014810243751928976,1281,0.0012312904382980792,0.6797462250334548,0.7062929456937984,0.8345261051553854,0.6327490339756766,0.8315972908588198,0.8292464467792519
AAPL,13:05,380288.0,463489.76053952303,0.0008390324266706443,1.482073342693729e-06,0.0016287164769734478,0.0013554071062058337,1281,0.0012174043464246909,0.6309355258513928,0.6485807350318301,0.8036316960057406,0.6185576363863069,0.7681051120496867,0.8198944758814889
AAPL,13:10,372838.0,466086.82937450113,0.0008149592276211993,1.4297288375941101e-06,0.0015940430057083128,0.001331646580997517,1281,0.0011957126902371281,0.6185752366295586,0.6522149227902774,0.7805742012469792,0.5967111511824217,0.7517530514499509,0.8052856327858203
AAPL,13:15,374250.0,462664.484220847,0.0008297548943131288,1.8094217449273862e-06,0.001623656485418807,0.0013420699455277626,1281,0.001345147480734877,0.6209178847344217,0.6474258911346356,0.7947456043289227,0.7551796564494047,0.7657188125095297,0.9059266068331321
AAPL,13:20,373009.0,452110.33435025054,0.0007861928229165537,1.4294182317382108e-06,0.001569458911391135,0.001298701298701348,1281,0.001195582800034448,0.6188589425969323,0.6326570248866749,0.7530215181015678,0.596581516825917,0.7401591560193443,0.8051981546525597
AAPL,13:25,374687.0,450914.27513804915,0.0008484272260633769,1.562615239034024e-06,0.0015998641570410636,0.0013001365143341158,1281,0.0012500460947637187,0.6216429110954876,0.6309833288764584,0.8126301069486577,0.6521725754012508,0.7544983150731257,0.8418779600253401
AAPL,13:30,395351.0,478847.5382077783,0.0008780766859674546,1.8286948510150041e-06,0.0016665830754910044,0.001386161487813383,1281,0.0013522924428595333,0.6559265374686396,0.6700715198917538,0.8410285871396043,0.7632234735831179,0.7859630562090755,0.9107385782981532
AAPL,13:35,366176.0,455169.8301923107,0.000814849345136179,1.4666188714275155e-06,0.0015682408110759302,0.0012948056712488892,1281,0.0012110404086683134,0.6075223175965574,0.6369383062244984,0.7804689549597188,0.6121075634090449,0.7395846980996721,0.8156085067812214
AAPL,13:40,378422.0,463750.88348490477,0.0007762067980227949,1.124433903102766e-06,0.0015605900344572603,0.0013007767495446013,1281,0.0010603932775639262,0.6278396466986489,0.6489461353626859,0.7434568268374039,0.4692933590666488,0.7359765804714458,0.7141510485730072
AAPL,13:45,369297.0,448281.11232040357,0.0008023730201297672,1.4142357568078507e-06,0.0015624047028517012,0.0012594996157458266,1281,0.0011892164465764216,0.6127003662759325,0.6272986332884931,0.7685190351400437,0.5902449641487405,0.7368323807842388,0.8009105586315053
AAPL,13:50,353934.0,439402.6886784715,0.0007823372541441945,1.169500732265856e-06,0.0015002559054018165,0.001262542361618697,1281,0.0010814345714216169,0.5872116248913636,0.6148746813010635,0.7493286247483363,0.4881024358670451,0.7075229155065843,0.7283218872512038
AAPL,13:55,369917.0,444626.55027146137,0.0007494806103995644,1.1184135369221173e-06,0.0014923508587595452,0.001258634820278676,1281,0.0010575507254605412,0.613729007795065,0.6221846507548483,0.7178582792667803,0.4667807010438591,0.7037948837571893,0.7122366535950237
AAPL,14:00,422905.0,544054.272515388,0.000992132956820425,2.7552832746839493e-06,0.0019385720178772459,0.0014443177499049618,1281,0.0016599045980669942,0.7016413574979575,0.7613180484386307,0.9502725584952463,1.149944109287864,0.9142334458204564,1.1179084537050323
AAPL,14:05,402934.0,503345.27690339496,0.000863115698832351,1.690194246351528e-06,0.0017139709509249698,0.0013571249057551236,1281,0.0013000747079885556,0.6685074868873199,0.7043522370133695,0.8266988388687154,0.7054189073779096,0.8083112487180877,0.8755711070389176
AAPL,14:10,398013.0,491983.473285032,0.0008324053816763677,1.4726418762186194e-06,0.0016420116334246062,0.0013238844326767067,1281,0.0012135245676205403,0.6603430596040117,0.6884531868736053,0.7972842614621323,0.6146213226814148,0.7743751275987476,0.8172815320239224
AAPL,14:15,407305.0,494921.23551958235,0.0008576011303029636,1.6956906236748274e-06,0.0016389130678009817,0.0013153773880363792,1281,0.001302186862042014,0.6757594095972042,0.6925641212494057,0.8214169428190039,0.7077128735858221,0.7729138394438256,0.8769935953401358
AAPL,14:20,387595.0,489509.15129863855,0.0008362032948820325,1.4862038407554412e-06,0.001622216312004554,0.0013363028953229904,1281,0.0012190996024753027,0.6430585638841367,0.6849907639480752,0.8009219318712034,0.6202815396808005,0.7650396245861771,0.8210361927442414
AAPL,14:25,401222.0,482794.02566794766,0.0008052256468396994,1.3178746450298337e-06,0.0015614093930227872,0.0012425575977220247,1281,0.0011479872146630526,0.6656671090151347,0.6755940059435083,0.7712513028904939,0.5500277226506696,0.7363629911891371,0.7731435972354141
AAPL,14:30,422762.0,518808.84831018496,0.000860537773674201,1.8730687629664996e-06,0.0016965062899810617,0.0013370970138165087,1281,0.0013686010240265421,0.7014041063088673,0.7259910635055845,0.8242296823722964,0.781743354687007,0.8000748886511974,0.9217220413090786
AAPL,14:35,407374.0,506924.5331921007,0.0008358685923884115,1.8883248873867774e-06,0.0016779226327555733,0.0012802966756434244,1281,0.0013741633408684637,0.6758738874436883,0.709360841026312,0.8006013512547029,0.7881106456907508,0.7913108082742359,0.925468136733485
AAPL,14:40,410733.0,510230.9455592303,0.000857084202488253,2.101069892872345e-06,0.0016569470119276023,0.0012798634812287175,1281,0.0014495067757248825,0.6814468017384723,0.7139876430529523,0.8209218253917827,0.8769018302801486,0.7814186743060701,0.976210247367584
AAPL,14:45,401550.0,512406.23315998516,0.0008059317193078971,1.618687168513918e-06,0.0016467427805003192,0.0012819041059196402,1281,0.0012722763726934168,0.6662112935607403,0.7170316145731881,0.771927584518097,0.6755747372022747,0.7766063435937297,0.8568495527631168
AAPL,14:50,406647.0,497661.36066574004,0.0008291191885742232,1.4801423580964158e-06,0.001640060320245625,0.0013065684760660344,1281,0.0012166110134699652,0.6746677223075441,0.6963984937268158,0.7941367204945464,0.6177517212982981,0.7734548854024075,0.8193601839603005
AAPL,14:55,422306.0,506042.5217646378,0.0007787921648422994,1.2643321123998941e-06,0.0015504910239467914,0.0012860755078907818,1281,0.0011244252364652325,0.7006475570625376,0.7081266053028207,0.7459331110141667,0.5276812290759881,0.7312138720999131,0.7572751342863805
AAPL,15:00,476229.0,578397.2140652576,0.0009273030535651269,1.9072797275223544e-06,0.0018303847187460165,0.0014880952380952944,1281,0.0013810429853999312,0.790111164540251,0.8093755724012777,0.8881779797294671,0.7960216314527866,0.8632121547017194,0.9301014227603864
AAPL,15:05,464353.0,566164.5362187923,0.00083279331031566,1.3966606893940422e-06,0.0016640694463886964,0.0013535626982362453,1281,0.0011818039978753001,0.7704077021511901,0.792257871289968,0.797655822489351,0.5829098398700348,0.7847776249872662,0.7959184409668586
AAPL,15:10,483648.0,579245.5777188876,0.0008207907482449406,1.4461477766991936e-06,0.001647394948897172,0.0013543528901890677,1281,0.0012025588454205448,0.8024200216861285,0.8105627233782596,0.7861596764445775,0.6035637541354929,0.7769139071793028,0.809896364489215
AAPL,15:15,497869.0,599344.4776733747,0.0007995937936199955,1.436681959793793e-06,0.0016610851859280343,0.0013566475731082816,1281,0.001198616685931659,0.8260140717564244,0.8386879602564988,0.7658570706644935,0.5996131039464623,0.7833702433171416,0.8072414086419868
AAPL,15:20,506191.0,603726.5942223802,0.0008606309756580989,2.0030146580819874e-06,0.001661156745298977,0.0013589887398075748,1281,0.0014152790036180102,0.8398210955019416,0.844820040432425,0.8243189519475955,0.8359775301662359,0.7834039908228697,0.9531586118493013
AAPL,15:25,516718.0,612579.4248615621,0.0008140469001331554,1.3995329042526227e-06,0.0016058191722868168,0.0013236030621733836,1281,0.0011830185561742567,0.857286433037277,0.8572081790536303,0.7797003669788107,0.5841085865062087,0.757306709116696,0.7967364186937125
AAPL,15:30,586436.0,696732.6102135784,0.0009213407205893241,1.8860761249963327e-06,0.0017819580237987936,0.0014577259475218292,1281,0.0013733448674664106,0.9729555127645032,0.9749672742002995,0.8824672114573652,0.7871721029689043,0.8403740533657807,0.9249169132858523
AAPL,15:35,596779.0,706570.6134516932,0.0008334123302017114,1.460663541760986e-06,0.0016897598063397466,0.001388085598611967,1281,0.0012085791417035898,0.9901155760425476,0.9887340063153618,0.7982487244858362,0.6096220490041138,0.7968932369355574,0.8139508987777895
AAPL,15:40,665195.0,780018.9588433044,0.0009133524522755298,1.702811901815576e-06,0.0018000467889024362,0.0015193823915899151,1281,0.0013049183506317842,1.1036245085795957,1.0915133682272864,0.874815986773908,0.7106850078573858,0.8489047418822944,0.8788331915369647
AAPL,15:45,766058.0,877539.411228584,0.0009232401911280307,1.6581230946312096e-06,0.0018938825191206637,0.0016052100532013519,1281,0.0012876812861229326,1.2709662336509864,1.2279778429010215,0.8842865389136244,0.6920337021840487,0.8931578117643343,0.8672244158555527
AAPL,15:50,1351235.0,1540026.2734466027,0.001633735899974534,5.264800131504779e-06,0.003179717596544191,0.002672265699561086,1281,0.002294515227995835,2.241832940491961,2.1550236001711083,1.5648047803489449,2.197315228321253,1.4995595460042448,1.545304455158782
AAPL,15:55,2521941.0,2769192.61612879,0.0014228163794908323,3.900819242613784e-06,0.0029002988597350344,0.002490386376121614,1281,0.001975049174733071,4.184150357100901,3.8750478118930825,1.3627844452831928,1.6280446190981985,1.3677852542967028,1.3301512457333016
AMZN,09:30,1749393.5,1952572.1481481704,,,0.00833775070568863,0.007493188119181822,1280,,4.938187488333864,4.819425503548655,,,3.402788922688097,
AMZN,09:35,844881.0,942372.9613351664,0.002979976949110741,1.5113315076215477e-05,0.005812738377458689,0.005253767752319028,1280,0.003887584735567249,2.384929853306877,2.3260068971181114,2.359689050355213,4.452232066188452,2.3722850993620326,2.213072661108638
AMZN,09:40,711408.0,808965.7915782563,0.0026679206768973453,1.2503557770649907e-05,0.0050160875515446075,0.004356009545576391,1280,0.00353603701488685,2.008162305793761,1.996725381506783,2.1125878877585182,3.683423561752893,2.047157291952148,2.01294823871471
AMZN,09:45,681943.5,761059.9430346305,0.002455811011109894,1.0659595254898497e-05,0.004745784555177167,0.004181600425398138,1280,0.003264903559815894,1.9249899233366334,1.8784820333881203,1.9446292543930783,3.140210573730297,1.9368416835493947,1.8586009825791066
AMZN,09:50,587817.5076794967,686257.1624803805,0.0021700159138521866,8.410062044783239e-06,0.004232166635783581,0.003796533606334215,1280,0.0029000106973566904,1.6592910982271774,1.6938504802435093,1.718322952981767,2.477520499347294,1.7272247942588372,1.650879614925288
AMZN,09:55,549855.5,622958.4086796828,0.0020063397172218945,7.1253718763820615e-06,0.003845231797380954,0.0034077372888347886,1280,0.002669339220927543,1.552131953440756,1.5376136780852618,1.5887162695785477,2.0990635735154375,1.569309592858027,1.519566017175907
AMZN,10:00,603470.5,675270.7775880016,0.0023211660443512804,9.130736142111865e-06,0.004378407302911975,0.0038884640066263396,1280,0.003021710797232565,1.7034763606235999,1.6667333959440385,1.8380108948649776,2.6898239092356686,1.7869082916092076,1.720159433169607
AMZN,10:05,526876.5,588013.9986296875,0.001991143040503727,7.146130389898624e-06,0.0037339267472451137,0.003279323863660864,1280,0.002673224717433726,1.4872668385912817,1.4513623294930307,1.5766828101706323,2.1051788248060226,1.5238839612925412,1.5217779010774963
AMZN,10:10,492749.5,565744.3785566257,0.0019716471725062107,7.867722289259464e-06,0.0036856110017681096,0.0032013206680024543,1280,0.0028049460403472047,1.3909331524226924,1.3963954617968781,1.5612450443668942,2.3177526100301606,1.5041654197692986,1.5967624682196317
AMZN,10:15,460121.5,525560.2551377695,0.0017491958879917884,5.501358332962315e-06,0.00336868791114776,0.0029280145871845306,1280,0.002345497459594087,1.2988308430398365,1.2972112193983298,1.3850974199824924,1.6206453616621905,1.3748232961949847,1.335213675739993
AMZN,10:20,447381.0,505143.70628533204,0.0017310792411732792,6.060308596449284e-06,0.0032703674205981173,0.0028410616082090757,1280,0.002461769403589476,1.2628669631608285,1.2468181845866824,1.370751787832705,1.785306541155335,1.3346969014483392,1.4014034254208072
AMZN,10:25,422074.0,479246.9853257531,0.001659868138632039,4.8034673063603384e-06,0.00315089482527273,0.002732893724456206,1280,0.002191681387966859,1.1914303705547251,1.1828987450057964,1.3143634124191195,1.4150536174503332,1.2859379449517563,1.2476513031843564
AMZN,10:30,424188.5,488445.9706495039,0.0016731100113223346,5.1838832412875975e-06,0.003199737173823638,0.00278375047839252,1280,0.002276814274658255,1.1973991805703574,1.2056040901158867,1.324848963994548,1.5271203622664757,1.3058714028439078,1.2961146234495795
AMZN,10:35,395975.0,449791.93990922655,0.001586791452090327,4.558397575226569e-06,0.0029909860504537316,0.0026428323380549013,1280,0.0021350404153613976,1.1177581205675007,1.1101964905855313,1.2564977778811828,1.3428585159849322,1.2206762422693453,1.2154074817635843
AMZN,10:40,377844.0,440457.78258672496,0.0015549003346098454,4.697462910183562e-06,0.00289024060005777,0.002551037617366578,1280,0.0021673631237482016,1.0665779387782226,1.0871575079303377,1.231244857470258,1.3838257783273384,1.1795601769515485,1.233807724363926
AMZN,10:45,362269.5,429050.55222424224,0.0014830903245308578,4.171930005883292e-06,0.002797411654547476,0.002426508615956228,1280,0.0020425302949731963,1.0226142444824249,1.0590016741057369,1.1743822382678342,1.229009019954779,1.141674982414402,1.162744547774282
AMZN,10:50,350506.5,418275.5399798086,0.001554952966847062,4.844553495000459e-06,0.0027855327432957646,0.0024256306809369793,1280,0.0022010346419355734,0.9894096513332727,1.0324063091861242,1.2312865342066812,1.4271571993328342,1.1368269809512086,1.2529757995126782
AMZN,10:55,347960.5,411587.3020737172,0.0014054641899253686,3.615458110242183e-06,0.0026272675030528186,0.0022375976410201346,1280,0.0019014358022931468,0.9822228032368907,1.015898102629461,1.1129141319777391,1.0650779429401112,1.0722360348609359,1.082424146902647
AMZN,11:00,356499.0,418617.42104157264,0.0014587854073695409,4.098818829629842e-06,0.002750341741742876,0.0023662039094641367,1280,0.002024553982888538,1.0063252786771726,1.033250155243136,1.1551364360771614,1.2074711957467312,1.1224648880451722,1.1525112313250885
AMZN,11:05,328497.0,388817.56584913126,0.0014583542721367255,3.951323172165069e-06,0.0026490537900754007,0.0022829990321919045,1280,0.0019877935436470933,0.9272812408158653,0.9596968259832073,1.1547950424672544,1.164020444374409,1.0811274180125532,1.131584736179841
AMZN,11:10,323287.5,373416.7206193508,0.0013201027153791935,3.3112679459506247e-06,0.002481115382434878,0.0021841595222084954,1280,0.001819688969563377,0.9125758656555739,0.9216837741494999,1.0453208115431993,0.9754665508101759,1.012588674964844,1.0358883945134256
AMZN,11:15,322750.5,370831.3604105906,0.0012985544188686914,3.0320653678671538e-06,0.0024283150252493372,0.0020751868222740025,1280,0.0017412826789086125,0.9110600222039804,0.9153024729833557,1.0282578341450646,0.8932162526567284,0.9910398811849642,0.9912543015972031
AMZN,11:20,305197.5,360015.1722349875,0.0013103825989133212,3.2135056256334326e-06,0.002389689754867047,0.0020531275439892114,1280,0.001792625344469232,0.861511418654965,0.8886054757972996,1.0376239559015672,0.9466667451298073,0.9752762002076694,1.0204819730769017
AMZN,11:25,301865.0,359314.1745349547,0.001212521766099915,2.7542768916658807e-06,0.002303944440126659,0.0020078010293529576,1280,0.001659601425543459,0.8521044385759419,0.8868752420660283,0.960133042518044,0.8113825348308286,0.9402819652550788,0.9447558813586193
AMZN,11:30,307121.5,353811.75790134846,0.001257682736173816,2.799651258283862e-06,0.0023649527964937633,0.002077685395738155,1280,0.0016732158433041034,0.8669424853232442,0.8732939323662549,0.9958936703371967,0.8247493712277942,0.9651805939818588,0.9525061164769281
AMZN,11:35,279879.5,327872.532597375,0.001203287634079768,2.809203884138805e-06,0.002271959998249135,0.001997737937571951,1280,0.0016760679831494918,0.7900437752519017,0.8092695816702631,0.952821012730707,0.8275634796436646,0.9272285281398452,0.9541297448083544
AMZN,11:40,275352.5,317518.845815182,0.0011849661910846737,2.5720449294122216e-06,0.0022115811666953934,0.0018871584866976291,1280,0.0016037596233264577,0.7772649609029932,0.7837141510137418,0.9383132131199977,0.75769881410254,0.9025868200307572,0.9129670010538795
AMZN,11:45,262668.0,307577.7780508656,0.0010762698578315403,2.2004203290364094e-06,0.002083979082383578,0.0018581163627555246,1280,0.0014833813835411342,0.7414591578085088,0.759177164986726,0.852242229427416,0.6482219088680613,0.8505100700372712,0.844439673784598
AMZN,11:50,267169.0,308717.79171396716,0.001117630083219108,2.263376626952041e-06,0.002087056087116335,0.001843011141597073,1280,0.0015044522680869742,0.7541645793646028,0.7619909974628044,0.8849932448325489,0.6667682070782801,0.8517658520808072,0.8564346273883479
AMZN,11:55,267830.5,303145.35284420545,0.0010982842213661588,2.257611471335137e-06,0.0020148013628928305,0.0017115228305691834,1280,0.001502535015011343,0.7560318613817892,0.7482368557623987,0.8696742611076208,0.6650698496646548,0.8222773744471602,0.8553431989939294
AMZN,12:00,270581.0,316997.8151171508,0.0011480310897148834,2.4008868955553133e-06,0.002159966314600447,0.001910537936247627,1280,0.001549479556352814,0.7637959720216552,0.7824281198488473,0.9090662237088675,0.7072773623640829,0.8815218526127415,0.8820671646687083
AMZN,12:05,256144.5,295581.46976836876,0.0011473095160290958,2.544147620235533e-06,0.0020798567790529412,0.0017769325407695539,1280,0.0015950384384821367,0.7230446238113573,0.7295673428145057,0.9084948469652032,0.7494805447254731,0.8488276824720157,0.9080023206509389
AMZN,12:10,246642.5,300043.2599009055,0.0010579915319033329,2.178842824360038e-06,0.001989072860281748,0.0016849116907745347,1280,0.001476090384888418,0.6962223808373503,0.7405801318561926,0.8377685719836946,0.6418653909403924,0.8117771008394818,0.8402891508023249
AMZN,12:15,251702.0,294474.2976594352,0.0010754787446078337,2.1952073608509752e-06,0.0019994866276313366,0.001695812018934006,1280,0.0014816232182478025,0.710504336039096,0.7268345713245136,0.8516157879335887,0.6466862203709866,0.8160271502150832,0.8434388087722462
AMZN,12:20,251725.0,283747.2859591305,0.0010392587157284374,2.0457728046382e-06,0.0019781774339704314,0.0017170455171537354,1280,0.0014303051438900021,0.7105692604327397,0.7003576834848791,0.8229350273069787,0.6026642887423528,0.8073304776111313,0.8142251362462333
AMZN,12:25,241898.5,283418.04757336876,0.0010202651201087175,2.0063584734193173e-06,0.0018845513853068545,0.0016337687717617336,1280,0.0014164598382655673,0.6828310189484122,0.6995450426436215,0.8078949849254085,0.5910532194015008,0.7691199706634828,0.806343464348049
AMZN,12:30,235166.0,279812.63705792965,0.0010284692326998717,2.062194136976467e-06,0.0019360352832717034,0.001666685237351443,1280,0.0014360341698498914,0.6638265198090204,0.6906460078984269,0.8143913957969774,0.6075018496637835,0.7901314933001653,0.817486480136854
AMZN,12:35,220536.0,263676.1446561258,0.0010453099407454682,2.084407658777763e-06,0.0018876188994115558,0.0016190038604168527,1280,0.0014437477822589937,0.6225289598521986,0.6508171989641047,0.8277266782686359,0.6140457319006032,0.7703718794077135,0.8218775830714842
AMZN,12:40,222141.5,261644.00940543204,0.0010107530454043772,1.8891008514741746e-06,0.0018453981715357772,0.0015614217732566912,1280,0.0013744456524265244,0.6270609648084992,0.6458013922687453,0.8003628667549337,0.5565102920691146,0.7531408263102027,0.7824261860419451
AMZN,12:45,225750.5,263233.8562834414,0.0009639039016192355,1.75471208543654e-06,0.0018174070223967165,0.0015757742299500957,1280,0.0013246554591426934,0.6372484490111082,0.6497255231121984,0.7632654618098033,0.5169207003434797,0.7417171251723502,0.7540822853830998
AMZN,12:50,227110.0,261535.9397726305,0.0009687316200658582,1.7735092121093016e-06,0.001789117237718501,0.0015696805035680527,1280,0.001331731659197641,0.6410860452353938,0.6455346499898611,0.7670882814326506,0.5224581466087521,0.7301715453959502,0.7581105306693997
AMZN,12:55,220505.0,252826.827514425,0.0009660537086865498,1.7964981347457838e-06,0.0017614858839611128,0.001483967647723016,1280,0.0013403350830093882,0.6224414530607658,0.6240384313890421,0.764967782426287,0.5292304542072582,0.7188946833496471,0.7630081736340695
AMZN,13:00,244421.0,286824.6221273016,0.0011019281123569925,2.2823401161382997e-06,0.0020706855551641075,0.0017266389326835484,1280,0.0015107415782119387,0.6899515312512888,0.7079533016165533,0.8725596692227151,0.672354662082765,0.845084737862851,0.8600149224150907
AMZN,13:05,222424.0,262444.2404230578,0.000992772223847077,1.8800550929714432e-06,0.0018494246944340108,0.0015776419098093894,1280,0.0013711510102725531,0.6278584057304268,0.647776558092315,0.7861247875785785,0.5538455017259133,0.7547841241250093,0.7805506558670314
AMZN,13:10,218801.5,256091.5523443445,0.0009818043060699673,1.8753819060212255e-06,0.0017776254163928585,0.001535811406834531,1280,0.0013694458390243937,0.6176328137315487,0.632096570558089,0.777439862854055,0.5524688274035605,0.7254815224282778,0.7795799586016355
AMZN,13:15,215546.0,254314.09393503983,0.0009775003334568828,2.3520546156893786e-06,0.001814392069541141,0.0015159668072127902,1280,0.0015336409670093515,0.6084431892312456,0.6277093685807258,0.7740317703682542,0.6928918591711828,0.7404866676375166,0.8730507826601426
AMZN,13:20,213359.0,260483.5724819953,0.000983376371565272,2.1457192919063535e-06,0.0018171958328071238,0.0015092041496843048,1280,0.0014648273932127134,0.6022697262356497,0.6429371501922748,0.778684699911207,0.6321075282483207,0.7416309348290047,0.8338775043289371
AMZN,13:25,214175.5,253317.18761816173,0.0009407942058234392,1.7853233866258648e-06,0.0017536763125470614,0.0014627897994677185,1280,0.001336159940510815,0.60457454221,0.6252487600276602,0.7449660933725228,0.5259384847313238,0.7157074540792224,0.7606314039047077
AMZN,13:30,225203.0,269373.33005755,0.0010399590009924783,2.34768846825111e-06,0.001871289116904182,0.0015727005576296246,1280,0.0015322168476593352,0.6357029661624164,0.6648792456076099,0.8234895468545796,0.6916056356303953,0.7637073957852797,0.8722400788905649
AMZN,13:35,220335.0,261897.21512348828,0.000991414123338139,1.9612685404330197e-06,0.001797454873422642,0.0015322919682738937,1280,0.0014004529768732042,0.6219615771077474,0.6464263658946378,0.785049378286846,0.5777701743189686,0.7335742873843983,0.797231290659975
AMZN,13:40,214865.5,253440.07235469608,0.0009451441312650514,1.7262467982457766e-06,0.001775540050440079,0.0015075027727619321,1280,0.0013138671159009104,0.6065222740193101,0.6255520696051383,0.7484105735177458,0.5085351103015286,0.7246304463510058,0.7479408404729447
AMZN,13:45,209048.5,253089.28689131094,0.0009207740485191601,1.792508603483357e-06,0.001742674742260509,0.0014283582969633777,1280,0.0013388459969254705,0.5901020480269087,0.6246862453076261,0.7291131700835042,0.5280551780401127,0.7112175115485931,0.7621604864641397
AMZN,13:50,220346.5,242299.87131243438,0.0009226878673789955,1.616464878398105e-06,0.0017025116329057767,0.0014579564556514565,1280,0.0012714027207765858,0.6219940393045692,0.5980553294367125,0.7306286238890326,0.47619445033588415,0.6948262102927582,0.723767272997908
AMZN,13:55,217387.5,251614.80202287732,0.000911388545340934,1.661861654596548e-06,0.0016712830532575745,0.0014021086713554268,1280,0.0012891321323264533,0.6136413749223247,0.6210468561120641,0.7216812773340173,0.4895678883720149,0.6820812544108698,0.7338600371863213
AMZN,14:00,238808.0,301420.4628329523,0.0011702788160428607,3.5899573983720272e-06,0.002130991055684638,0.00166356421763315,1280,0.0018947182899766465,0.6741071564025095,0.743979405445424,0.9266830432708757,1.0575656872552142,0.8696965182328752,1.0786000906133277
AMZN,14:05,232928.5,278222.3745095125,0.0010343519300568455,2.3807929298812347e-06,0.0019238065074374164,0.0015584528739185908,1280,0.0015429818307035358,0.6575105054273808,0.686720851078768,0.8190495984531916,0.7013578802478253,0.7851407056865998,0.8783682256173635
AMZN,14:10,232954.5,266798.5137468203,0.0010035921761776367,2.041061768549445e-06,0.0018282914439026361,0.0015104209689282989,1280,0.0014286573306953089,0.6575838982201953,0.6585239693599934,0.7946925461471158,0.601276464440831,0.7461592571378625,0.8132870910125369
AMZN,14:15,235559.5,271155.64818797266,0.0009664946939958501,1.877276220373589e-06,0.001818137031684077,0.0015307614361138632,1280,0.001370137299825674,0.6649372915002719,0.6692784425649888,0.7653169758004285,0.553026873541056,0.7420150553461075,0.7799735842328769
AMZN,14:20,223786.5,259663.81952222966,0.0009667483118042525,1.8711786919396525e-06,0.0017638386101593655,0.001470095317819524,1280,0.001367910337682866,0.6317044703538834,0.6409137994420088,0.7655178025771727,0.5512306024065521,0.7198548740447313,0.7787058487696514
AMZN,14:25,223518.5,265723.9938356242,0.0009419299370864824,1.8988114363487683e-06,0.0017580023958278738,0.0014681301672901238,1280,0.0013779736704120178,0.6309479600279485,0.6558717914781155,0.7458654200019952,0.5593709336386237,0.7174730079781332,0.7844345693139964
AMZN,14:30,241786.5,285724.0829414766,0.0010104384199037212,2.33860654062548e-06,0.0019006497737627634,0.0015501248102587043,1280,0.0015292503198055837,0.6825148653793649,0.7052369018026721,0.8001137311537063,0.6889301902238963,0.7756900181312636,0.87055133327134
AMZN,14:35,221397.5,275048.35071226873,0.0009938920871433083,2.4414031444628607e-06,0.0018813156912784903,0.0014723705463961134,1280,0.0015624990062277995,0.6249608018141126,0.6788865842365339,0.7870115491888656,0.7192130456789725,0.7677994246090879,0.889478704362595
AMZN,14:40,230363.0,272526.74663061247,0.0010340523092977401,2.5921761282238227e-06,0.0018690356092565662,0.0015047763299920114,1280,0.001610023642131948,0.6502686127363878,0.6726626487816969,0.8188123443278765,0.763629264730204,0.7627876979997285,0.9165328985738157
AMZN,14:45,225069.0,276501.97155159607,0.0009660120659425481,2.1116219603328978e-06,0.0018380854796232848,0.0014655658776982034,1280,0.0014531420991537262,0.635324710999449,0.6824744759066,0.7649348076990574,0.6220627940363206,0.7501563826738774,0.8272254551575416
AMZN,14:50,223199.5,273131.2077082367,0.0009663459460172302,1.9006501449086818e-06,0.0018024904312406425,0.001448005427962959,1280,0.0013786406873832942,0.630047486916108,0.6741546065237797,0.7651991899979186,0.5599125988635951,0.7356293908490482,0.7848142798859928
AMZN,14:55,238168.5,275955.9961298914,0.0009468855505590602,1.7852466523345472e-06,0.0017533066163503207,0.001458411394772758,1280,0.0013361312257164516,0.6723019759792431,0.6811268750642089,0.7497895130566492,0.5259158795735104,0.7155565742835275,0.7606150575275359
AMZN,15:00,260021.0,312846.9588801125,0.0010966903531536148,2.3893649607549947e-06,0.0020474086433781326,0.0016861206180126473,1280,0.0015457570833591527,0.7339872069400394,0.7721827916906439,0.8684121596105029,0.7038831151506941,0.8355850034170055,0.8799480846294703
AMZN,15:05,261895.0,308289.4870416,0.0009558003926363516,1.9069924849845887e-06,0.0018577294619010662,0.0015227615238906941,1280,0.0013809389866987567,0.7392771336221368,0.7609338368025681,0.75684871371312,0.5617809890690679,0.7581734519833148,0.7861226252284264
AMZN,15:10,268196.5,312696.4532492531,0.0009841157109686846,2.0345262349350632e-06,0.0018835168962909176,0.001532280606198597,1280,0.0014263681975335341,0.7570650060806406,0.7718113069921249,0.77927014440441,0.5993511613434719,0.7686977767303311,0.8119839636564661
AMZN,15:15,270248.5,317132.91410960234,0.0009405320963681927,1.758281103997587e-06,0.0018621033680476964,0.0015268766696931446,1280,0.0013260019245829122,0.7628573911135456,0.7827615771965526,0.7447585425014585,0.5179720976578467,0.7599585232705236,0.7548487833651537
AMZN,15:20,278384.5,329158.99241662107,0.0009592230736290508,1.8516529307420082e-06,0.0018511693352770173,0.0015311154949784194,1280,0.0013607545446339719,0.7858236896650632,0.8124448790686436,0.759558957114077,0.5454785076687337,0.7554961440383177,0.7746322938397296
AMZN,15:25,290041.0,330784.41554852267,0.0009105977257211018,1.757669636679525e-06,0.001789788465128003,0.001518007450028928,1280,0.0013257713364979366,0.8187276546436478,0.8164568208057896,0.7210550683298567,0.5177919654772382,0.730445485607679,0.7547175172393846
AMZN,15:30,330951.0,379760.02961941407,0.0010925899877479294,2.4973818124807976e-06,0.001995402764073967,0.0016705891921575242,1280,0.0015803106696092378,0.9342083913376726,0.9373406118242503,0.8651652931026467,0.7357038036308267,0.8143604506260316,0.8996182917824379
AMZN,15:35,337447.0,378369.61768433277,0.0009748687367327549,1.9069334610263004e-06,0.0018912040435890582,0.0015949300763839897,1280,0.0013809176155825881,0.9525452983424242,0.9339087351856716,0.7719479455330559,0.5617636011989389,0.7718350424745969,0.7861104593629475
AMZN,15:40,372827.0,409881.7178407258,0.0010589568859849727,2.2153142264468585e-06,0.0019919607626700873,0.0016762938550262912,1280,0.0014883931693093926,1.0524159525647316,1.0116883036938749,0.8385329857677813,0.6526095026757018,0.8129557067493637,0.8472927166946577
AMZN,15:45,423235.5,473613.7305375398,0.0010217867888677463,1.959056174970667e-06,0.0020332164984755157,0.0017417323782886256,1280,0.0013996628790429026,1.1947090524337305,1.1689944947479756,0.8090999154232834,0.5771184334928201,0.8297929288913352,0.7967815142494844
AMZN,15:50,759848.5,793935.2693759422,0.0017443376859768932,5.9398300579061105e-06,0.003195432399959886,0.002717969740146272,1280,0.0024371766570985597,2.144900135806641,1.9596263774560554,1.3812504620043835,1.7498147638791772,1.3041145457087744,1.3874035929740218
AMZN,15:55,1570857.0,1550450.8778910602,0.0013599576755000912,3.5189751724438536e-06,0.002776607468880094,0.0024432398326219924,1280,0.0018758931665859475,4.434214705474594,3.826891882071722,1.0768798855245232,1.036655030604894,1.133184412831143,1.0678835741251351
GOOGL,09:30,1047803.0,1214277.7785336932,,,0.008235715034838572,0.007515934210921526,1232,,4.819839150439171,4.96693390338774,,,3.785119948317694,
GOOGL,09:35,490206.0,559021.7495258165,0.002859170642282022,1.4369771098471117e-05,0.005377908394172263,0.004809319001080118,1232,0.0037907480921938242,2.2549220326532606,2.286646539644193,2.491222914494606,5.153629274562998,2.471677110839424,2.3902593453136567
GOOGL,09:40,433537.0,494516.0604275649,0.0024728723400843297,1.0715964760925049e-05,0.004657106850495154,0.004280645817995257,1232,0.0032735248221030873,1.994247588300422,2.0227897024299026,2.154637483728865,3.8432142946914882,2.140398006328265,2.064123784500754
GOOGL,09:45,398517.5,455294.4120877061,0.0023013141864623977,8.965003904075302e-06,0.004245180269254416,0.003884857356284602,1232,0.0029941616362640314,1.8331597147890801,1.8623557899183507,2.005157212369397,3.21524304388744,1.9510772839257822,1.8879710965752552
GOOGL,09:50,344254.5,402412.0557928896,0.0021186948326038196,7.805602141617648e-06,0.0038567053491796828,0.00345988339940284,1232,0.002793850772968672,1.5835527449481073,1.6460435317059554,1.8460392107241441,2.7994307930842646,1.7725349031882465,1.7616649160233089
GOOGL,09:55,325553.0,365031.0285512297,0.001839110197724955,5.712715553371045e-06,0.003429710504128572,0.0030906071812555024,1232,0.002390128773386707,1.4975268203497447,1.493138574675228,1.602434425948191,2.0488299995423582,1.5762888336004999,1.5070976752201797
GOOGL,10:00,356793.5,396508.52869387175,0.0019689560743580553,6.682161724943815e-06,0.0038197585090079455,0.0034350814805651675,1232,0.0025849877610820164,1.6412314909598642,1.6218954912690393,1.7155703886771734,2.3965158558927087,1.7555542013099317,1.6299661711026163
GOOGL,10:05,303660.5,336573.2881391112,0.0017946333089138376,5.679015654218034e-06,0.0032942005465034143,0.0030018978326078766,1232,0.002383068537457124,1.3968224621822365,1.3767338127949242,1.5636812844136765,2.0367437397380352,1.5140086986476853,1.5026458376144158
GOOGL,10:10,283880.5,317408.31550059904,0.0017416773303740238,5.974446362110019e-06,0.0031755585240829764,0.0028625087458068995,1232,0.0024442680626539344,1.3058354938344776,1.298340586764985,1.5175402303447336,2.142698130685779,1.4594810366447275,1.541235248852707
GOOGL,10:15,277276.0,304515.4354995349,0.0016156065129853616,4.469163240486023e-06,0.002975356231931867,0.0026541484564668377,1232,0.0021140395550902124,1.2754551383009705,1.2456029974574339,1.4076935130893313,1.6028376757803853,1.3674684200699065,1.3330093902369324
GOOGL,10:20,256856.0,287035.8413161453,0.0015475906953584403,4.880971407335715e-06,0.002864055888147145,0.0025336831381163856,1232,0.002209292060216511,1.1815242033332638,1.1741037157430172,1.34843067619722,1.7505301205407964,1.316314980480016,1.3930709361390523
GOOGL,10:25,247894.0,280768.5952156185,0.001478280838899235,3.718723029077622e-06,0.0027349214732202555,0.00244302832041523,1232,0.0019283990844940842,1.1402994707583085,1.14846790350311,1.2880403308089183,1.3336969486372046,1.2569650335857345,1.2159536379371219
GOOGL,10:30,253794.5,280435.8036829829,0.0015047123134463573,4.078003817851983e-06,0.0028246250921749073,0.002553003186770492,1232,0.0020194067985059333,1.1674414630098733,1.1471066387452191,1.3110703291174897,1.4625507750570725,1.2981926569439044,1.2733386272906513
GOOGL,10:35,235345.0,263982.69743144885,0.001480843690452476,4.081231491357235e-06,0.002674213397602455,0.0023584905660376755,1232,0.002020205804208382,1.082574725268115,1.0798061472913867,1.2902733680475722,1.463708360139772,1.2290637102552315,1.2738424409972835
GOOGL,10:40,229261.5,250857.22418560387,0.0013418133731523348,3.439619842593459e-06,0.002489312125790326,0.0022059111383149364,1232,0.0018546212126990943,1.054590942561159,1.0261171485999006,1.1691349137190377,1.2335983219693352,1.1440834153512907,1.1694329398462948
GOOGL,10:45,215086.5,246460.67601057224,0.001401764326494615,3.6560698657027797e-06,0.0024902700218488957,0.0021812576369458565,1232,0.0019120852140275496,0.989386681877161,1.008133319385129,1.221370756695126,1.3112267802051603,1.1445236626721813,1.205666913419296
GOOGL,10:50,216587.0,246172.64287098052,0.0013433470611227236,3.652807443451988e-06,0.0024161608188972045,0.0021273877345892754,1232,0.0019112319177567092,0.9962889036165852,1.0069551362777474,1.1704712308170853,1.3100567327004053,1.1104632051090246,1.2051288667498545
GOOGL,10:55,209767.5,242140.10302444073,0.0012343730626373404,2.703479592449126e-06,0.00228629529519715,0.0020592977655008483,1232,0.0016442261378682454,0.9649195592966893,0.9904602623414666,1.0755211365148407,0.969586187236611,1.050777241925934,1.036768151368789
GOOGL,11:00,210844.5,245856.93636552923,0.0013375831251174965,3.469409425061702e-06,0.002453789680014128,0.0021181512820335315,1232,0.0018626350756553744,0.96987370312432,1.0056637568477955,1.1654490578689043,1.2442821709487861,1.1277573625979178,1.174486087762601
GOOGL,11:05,202296.0,234115.48766235146,0.0012833062906575017,3.0719621675445957e-06,0.0023152862879417158,0.0020589487898834357,1232,0.0017527013914368289,0.9305510489827216,0.9576360315038259,1.118157129316837,1.1017401772455693,1.0641014505094988,1.105167312239307
GOOGL,11:10,201687.0,233364.42331384818,0.0012381942360684157,2.9398032549742958e-06,0.002236216567562301,0.002017827814121983,1232,0.0017145854469737855,0.9277496807459276,0.9545638456809811,1.0788505617233184,1.0543422029807479,1.0277611479796056,1.0811332719278814
GOOGL,11:15,192296.5,221234.99109480195,0.0011844943109826694,2.539582306544378e-06,0.002131534257290983,0.0018476982860419948,1232,0.0015936066975713857,0.8845538705199605,0.9049490959238253,1.0320612998646834,0.910805442235739,0.9796493447945994,1.0048500214162146
GOOGL,11:20,184943.5,213661.7801191599,0.0011613964298040993,2.5195169670990296e-06,0.0021024861659407765,0.0018169784530884256,1232,0.0015872986382842486,0.8507304540254674,0.8739713089483874,1.0119358935607068,0.9036091327008854,0.9662988937936712,1.0008724694145605
GOOGL,11:25,181507.0,214558.52673784253,0.0010991709698478175,2.2400248878295717e-06,0.002018767376839911,0.0017679814135975608,1232,0.0014966712691267818,0.8349227332607014,0.8776393997772105,0.9577182510682917,0.8033710320477155,0.9278218875672289,0.9437273068235904
GOOGL,11:30,177435.0,212609.7309705438,0.0011827687435466412,2.6173481752711135e-06,0.0020940177234315244,0.0018515703899865078,1232,0.0016178220468491314,0.816191745641284,0.8696679619904932,1.0305577963404209,0.9386956887042139,0.9624068127129931,1.020119029934707
GOOGL,11:35,167792.5,195721.8617327695,0.0010955816464049677,2.226266042552415e-06,0.0019956405741450175,0.001768672966887909,1232,0.001492067707093889,0.7718367485587125,0.800589097371583,0.9545908389872753,0.79843650752964,0.9171928502764839,0.9408245269755935
GOOGL,11:40,166020.0,194428.9603969797,0.0011061445357068505,2.203604328446668e-06,0.001987559236511369,0.0017452451795348092,1232,0.0014844542190470772,0.7636833410058105,0.7953005582975794,0.9637943861568551,0.790309024327101,0.9134786819065467,0.9360238357896503
GOOGL,11:45,161002.0,184196.02473329465,0.001044395301938179,2.09473637553452e-06,0.0018574448122400309,0.001652092094603964,1232,0.0014473204121874742,0.7406008027262829,0.7534433193876173,0.9099916841277731,0.7512642082792319,0.8536783244646058,0.9126090831565176
GOOGL,11:50,153699.5,181241.8235884107,0.001044773873653713,1.8487022665196062e-06,0.0018544121994843639,0.0016284723295556683,1232,0.0013596699108679305,0.7070096835978953,0.7413593283244936,0.9103215373091716,0.6630256011315375,0.8522845410482975,0.8573409870432731
GOOGL,11:55,159501.5,179674.6609038474,0.001016335128938632,1.8927778134255102e-06,0.0017943349107467426,0.0015744340212353954,1232,0.0013757826185213672,0.7336985809868587,0.7349489388669173,0.8855425851732033,0.678833022646471,0.82467312624343,0.867500868182894
GOOGL,12:00,161624.5,186273.56461882548,0.0010446701924331438,2.024072951481089e-06,0.001924244670469439,0.0017076773337416692,1232,0.0014226991781403013,0.7434642702589664,0.7619413776371425,0.9102311988632372,0.7259212095392332,0.8843794202236679,0.897084143660907
GOOGL,12:05,150983.0,177078.02623439042,0.0010592440328021624,2.152153669883619e-06,0.0018605478837070584,0.001609525149015328,1232,0.0014670220413762088,0.6945139252805703,0.7243275530502287,0.9229295263231568,0.7718565647611804,0.8551044905790495,0.9250319617390464
GOOGL,12:10,149589.0,170231.79849698214,0.0009582507591757471,1.675880135146319e-06,0.001742681956625952,0.0015192956082062305,1232,0.0012945578917709006,0.6881015979864967,0.696323449491396,0.8349331144450817,0.6010440156605966,0.8009335206105141,0.8162845495397073
GOOGL,12:15,148090.5,166761.45054239125,0.0009719244573324604,1.8488964574622913e-06,0.0017521745407339262,0.0015488135193848192,1232,0.0013597413200540356,0.6812085761427598,0.6821281893812882,0.8468471393270309,0.6630952465086434,0.8052962953442421,0.8573860141646427
GOOGL,12:20,144726.5,168651.44406021835,0.0009654146258974377,1.7384485308299091e-06,0.001709208370183696,0.001488056686319398,1232,0.0013185023818066879,0.6657343515966596,0.6898590999248496,0.84117506050788,0.623483782685953,0.7855491199545481,0.8313827675391227
GOOGL,12:25,137633.0,160002.6350132005,0.0009013026890645009,1.5256312729236646e-06,0.0016573272654438161,0.0014425079636626946,1232,0.0012351644720132071,0.6331046215675986,0.6544816404678925,0.7853137125460228,0.5471581931576314,0.7617046567038198,0.778833979580097
GOOGL,12:30,140169.0,162266.73979917046,0.0009565599768595857,1.7929835468478364e-06,0.001709634381019057,0.001492731157027713,1232,0.0013390233556020733,0.6447700892991414,0.6637428317875891,0.8334599195307405,0.6430424279220385,0.7857449137750365,0.8443222845411531
GOOGL,12:35,131369.0,156830.45165903086,0.0009278047125853526,1.6653656933782904e-06,0.0016459369374134626,0.0014521608155393547,1232,0.0012904904855822418,0.6042905482748604,0.6415060056270626,0.8084051808547927,0.5972730763373414,0.756469682246448,0.8137198432028107
GOOGL,12:40,132016.0,148805.87274866964,0.0008972074866302327,1.4754512296325093e-06,0.0015753974943986443,0.0013722896045139737,1232,0.0012146815342436508,0.6072667145297137,0.6086819238931338,0.781745523228158,0.5291614318778605,0.7240498799865169,0.7659184462256173
GOOGL,12:45,134372.0,152591.4939972792,0.0008600230735774304,1.4442246761265764e-06,0.0015731769898746323,0.0013840566621917383,1232,0.00120175899252994,0.6181041916493962,0.62416679140657,0.7493463860485605,0.5179622221486946,0.7230293400657434,0.7577701268582581
GOOGL,12:50,131131.0,146994.91693065097,0.0008669472173773343,1.367221811149424e-06,0.0015543380880108997,0.0013639951264552217,1232,0.0011692826053394552,0.6031957606880674,0.601274312546646,0.7553794592210693,0.4903456222424027,0.714371014353019,0.7372921140501962
GOOGL,12:55,130074.0,146048.29227056005,0.0008364898437004343,1.316124506345685e-06,0.0014953850575104841,0.0013159846021487346,1232,0.0011472246974092238,0.5983336158173099,0.5974021984380717,0.7288416562312281,0.4720198908105474,0.6872763066297717,0.7233834819580567
GOOGL,13:00,144258.0,164362.59875504058,0.0009762608890713873,1.8138843042423475e-06,0.001773729372160545,0.0015012507811067626,1232,0.0013468052213450716,0.663579276031901,0.6723158231481003,0.8506255140610881,0.6505383549225981,0.8152028574424193,0.849229146422712
GOOGL,13:05,131512.0,151408.16624866964,0.000901386319440034,1.5855028242007527e-06,0.0016117030289929664,0.0014003035868580952,1232,0.0012591675123671006,0.604948340816505,0.6193264568329722,0.7853865804975871,0.5686307536640357,0.7407358389646981,0.7939691165310283
GOOGL,13:10,129969.0,150994.3753003685,0.0008949094085773047,1.569780957238912e-06,0.0015525597861328964,0.0013395926350245656,1232,0.0012529089979878476,0.5978506212937248,0.6176338685913312,0.7797431856901014,0.5629922035945814,0.7135537099800426,0.7900228051120249
GOOGL,13:15,131405.0,149659.65683781492,0.0008789065031104303,1.8509975015372593e-06,0.0015902500608845408,0.001340488820504758,1232,0.0013605136903159995,0.6044561463972324,0.6121742789485558,0.7657997000484926,0.6638487729342003,0.7308760930659722,0.8578730328722438
GOOGL,13:20,126404.0,150120.15886191803,0.000888175678005523,1.853796940308868e-06,0.0015736441321822824,0.0013580504159390427,1232,0.0013615421184483673,0.5814518072310473,0.6140579361780065,0.7738760213969388,0.6648527742858463,0.7232440378375713,0.8585215090818441
GOOGL,13:25,124478.5,150900.78767020616,0.0008845743367011419,1.5185322942658671e-06,0.0015466785348976818,0.0012906357769995173,1232,0.0012322874235606996,0.5725946076580639,0.617251053735119,0.770738138037438,0.5446121884941183,0.7108506973967623,0.7770198542984178
GOOGL,13:30,131511.0,157917.0512287565,0.0008996657599935116,1.9050374782768883e-06,0.001610565534047609,0.0013541506457044547,1232,0.0013802309510646718,0.6049437408686612,0.6459506791092653,0.783887440482808,0.6832298754036534,0.7402130483156083,0.8703057679478222
GOOGL,13:35,126466.0,148399.48813054545,0.0008653542999525296,1.446520879975316e-06,0.001560372745012026,0.0013427517499846903,1232,0.0012027139643220727,0.5817370039973547,0.6070196308220922,0.7539915349290083,0.5187857414166173,0.7171445319528379,0.7583722851117587
GOOGL,13:40,123962.5,141843.63592374837,0.0008556522888373065,1.3533779177401241e-06,0.00151404962092538,0.0013056269381620522,1232,0.0011633477200476753,0.5702210345707311,0.5802032917873281,0.7455380792137404,0.48538059573925335,0.6958545067022015,0.7335498672200114
GOOGL,13:45,128407.0,145978.38694306737,0.0008603540899092925,1.5079458822252686e-06,0.0015298412344470424,0.0012905294180493485,1232,0.0012279844796353368,0.5906655027619149,0.5971162546883886,0.7496348037662063,0.5408154374790085,0.7031123041252687,0.7743066294468011
GOOGL,13:50,127592.0,149175.3622853271,0.0008547339056329063,1.665449045009847e-06,0.0015085982719575182,0.0012768175624569967,1232,0.0012905227797330224,0.5869165452693252,0.6101932997405838,0.7447378830836966,0.5973029698830026,0.6933490764346159,0.8137402063062997
GOOGL,13:55,125781.5,144919.84393401298,0.0008173091741405827,1.3106637324429992e-06,0.0014757505059233744,0.0012475500819278816,1232,0.0011448422303719406,0.5785883396983638,0.5927863449652483,0.7121293541334723,0.4700614181213307,0.6782523017225769,0.7218812153968746
GOOGL,14:00,144678.0,177315.45825424432,0.0010831349745581997,2.977520940605098e-06,0.0019175467317935847,0.0014609671426708164,1232,0.001725549460492251,0.6655112541262417,0.7252987551672486,0.9437459339454709,1.0678694169846192,0.881301059548567,1.088046639721596
GOOGL,14:05,135546.0,164833.48124409578,0.0009085169674228726,1.7263005754011355e-06,0.0016900086122591223,0.0013840656952316755,1232,0.0013138875809600818,0.6235045304178628,0.6742419410765896,0.7915995827533265,0.619126993820299,0.7767249454395543,0.8284729010478418
GOOGL,14:10,135744.0,159734.4500344586,0.0008852650881954352,1.5547951716792818e-06,0.0016044149846938308,0.001352170847691351,1232,0.0012469142599550627,0.6244153200909092,0.653384645128901,0.7713399964663674,0.5576176445544133,0.7373862667971102,0.7862428180864881
GOOGL,14:15,132689.5,156127.57086454544,0.0008902895305201892,1.4936273166393038e-06,0.0015664627745992363,0.001354909098084795,1232,0.0012221404651836481,0.6103647794024244,0.6386309118800737,0.7757178414494124,0.5356801727438988,0.7199434986945091,0.7706216813000059
GOOGL,14:20,134518.5,154133.1515295122,0.0008650444184006124,1.3891672219564831e-06,0.0015509114139909542,0.0013116170531673552,1232,0.0011786293827817475,0.6187780840084937,0.6304728534951868,0.7537215321486568,0.4982162077098082,0.712796121082136,0.7431857322982705
GOOGL,14:25,135919.0,153108.24364555275,0.0008626564208994292,1.4833194074645332e-06,0.0015444400806073678,0.00130292057630145,1232,0.0012179160100206144,0.6252203109635511,0.6262805263302816,0.7516408469294089,0.5319833050541771,0.7098219077953952,0.7679579476024032
GOOGL,14:30,138158.5,158283.09887951866,0.0008993470259723395,1.7434119365151282e-06,0.0016403482909324628,0.0013607500488283905,1232,0.0013203832536483975,0.6355218941594463,0.6474479761190332,0.7836097244607453,0.62526387734895,0.7539011502865824,0.8325687528348066
GOOGL,14:35,137326.0,162582.9731735966,0.0008921060192419853,1.9019187628589363e-06,0.0016149503908081141,0.0013184229009556565,1232,0.0013791007080191555,0.6316924375795924,0.6650363663449922,0.7773005655655384,0.6821113674631409,0.7422283206659135,0.8695930922605128
GOOGL,14:40,138649.5,165380.55069491963,0.0009149489021256648,2.0579391811077087e-06,0.0016280104695913528,0.0013280814843661586,1232,0.0014345519095200804,0.6377804685506874,0.6764796974210118,0.7972037893995378,0.7380671227362354,0.74823070959267,0.9045578932372376
GOOGL,14:45,138160.5,162868.77361120618,0.0008551869090714522,1.6264799622071637e-06,0.0015689413991746236,0.001298337410549715,1232,0.001275335235225297,0.6355310940551336,0.6662054167124297,0.7451325893421343,0.5833269500453487,0.7210826701307478,0.8041636875535201
GOOGL,14:50,136763.0,163797.2797496591,0.0008797611498575418,1.516980757990714e-06,0.0015738296288881942,0.0012915960742066034,1232,0.0012316577276137693,0.6291026669436072,0.6700034180430268,0.7665443619895173,0.5440557396325894,0.723329291792926,0.7766227989981841
GOOGL,14:55,147187.5,164230.162919375,0.0007994623092883731,1.2116260365321063e-06,0.0014790115969875062,0.001274044009160365,1232,0.0011007388593722428,0.6770548232399273,0.6717741019259718,0.6965792089220529,0.4345421627738359,0.6797510933621503,0.6940717983298454
GOOGL,15:00,159288.5,178805.07158134822,0.0009574817349640517,1.878790622249473e-06,0.001715940647236107,0.001434699539400197,1232,0.0013706898344444936,0.7327187920961573,0.7313919334071279,0.8342630562437119,0.6738166032880998,0.7886432624863,0.8642896089703709
GOOGL,15:05,161446.0,186416.95964505195,0.0008829372725752668,1.5390487172457457e-06,0.0016058112670215442,0.001390693499769685,1232,0.0012405840226464896,0.7426431795688717,0.7625279268023603,0.7693117482996006,0.5519702763407416,0.7380279956657942,0.7822512817150714
GOOGL,15:10,170271.5,194278.0195697565,0.0009035804200299925,1.6865798105772605e-06,0.001626128910027995,0.00138542361837923,1232,0.0012986838763060318,0.7832400192631662,0.7946831434643395,0.7872983214708534,0.6048813878881256,0.7473659481715806,0.8188861925014291
GOOGL,15:15,178464.0,193007.47332910553,0.0008454035670863093,1.463298176574921e-06,0.0016372347455641358,0.00139798122792956,1232,0.0012096686226297354,0.8209250919724188,0.7894860466302596,0.7366082692566873,0.5248028147792507,0.7524701703857732,0.7627575506606845
GOOGL,15:20,180730.5,194889.30314479707,0.0008743968688218726,1.469467993397899e-06,0.001603626857270433,0.0013937859566665717,1232,0.0012122161496193238,0.831350873760093,0.7971835640164799,0.7618704122649979,0.5270155813139225,0.7370240448383002,0.7643638959113336
GOOGL,15:25,186135.0,200302.21215798214,0.0008283806845855579,1.4386974999437218e-06,0.0015460620999766576,0.0013171677689557861,1232,0.0011994571688658674,0.8562112918811983,0.8193247591934252,0.721776067803061,0.515979934693562,0.7105673850059695,0.7563187100427636
GOOGL,15:30,220153.0,232769.0539329992,0.000981792419958619,2.0055112684346498e-06,0.0017609531856951435,0.0015095647647628432,1232,0.0014161607495036183,1.0126923176271063,0.9521285212312917,0.8554451901918936,0.7192641770452733,0.8093309449188498,0.8929613320753308
GOOGL,15:35,217288.5,233949.92998137258,0.0008899272244593893,1.5389136648829474e-06,0.0016912602179707836,0.0014412874958079863,1232,0.0012405295904906691,0.9995157670289185,0.9569588272650947,0.7754021606896223,0.5519218406484994,0.7773001811934137,0.7822169594741916
GOOGL,15:40,251868.5,264806.2844881096,0.0009358738620259007,1.63056629813553e-06,0.0017634881181730563,0.0015190789845090573,1232,0.0012769362936871714,1.1585819634629682,1.0831749831100403,0.8154359084684236,0.584792489080161,0.8104959953667099,0.8051732362910817
GOOGL,15:45,291902.5,301462.8651076047,0.000961993426328505,1.6882854137838624e-06,0.0018604545448453926,0.001654391499128769,1232,0.0012993403764156113,1.3427362754363847,1.2331166326073217,0.8381941363772442,0.6054930918990036,0.8550615922046217,0.8193001491885943
GOOGL,15:50,572419.0,579304.8622771477,0.0016679297778707356,5.076285141962135e-06,0.0030965102608122306,0.002751061282905768,1232,0.0022530612823361317,2.6330975447247624,2.369613453946519,1.4532832776581148,1.8205781800121152,1.4231505957637272,1.4206696553533342
GOOGL,15:55,1182784.5,1164158.8922983718,0.0012452736671861122,2.942743343304256e-06,0.0026907642038623398,0.002397300378839235,1232,0.0017154426085719849,5.440747010299283,4.761925461626699,1.08501893823124,1.055396647424104,1.2366704313073835,1.081673755882687
IWM,09:30,1002227.0,1111249.3316061054,,,0.004642444906080195,0.004230926709430774,1281,,3.2401027366856,2.9639038824873194,,,2.5794432898223487,
IWM,09:35,657931.0,734552.5307339446,0.0017512247364246732,5.1969938822459004e-06,0.0033968542866676978,0.003076078000549312,1281,0.002279691619988524,2.1270271442001594,1.9591850683829586,1.9040285566463229,2.8551627706552107,1.8873660697133359,1.746688324155621
IWM,09:40,591223.0,667660.9600653482,0.0016963890443417345,4.750154273567e-06,0.0032349688591432626,0.0029178481897012614,1281,0.0021794848642665544,1.9113666467691155,1.7807730951457919,1.8444081541487298,2.609674735829432,1.7974190077242898,1.6699104088067196
IWM,09:45,557520.0,634190.9922215082,0.0016900825512264383,4.753187076450554e-06,0.0031868339706050456,0.0028952725627685427,1281,0.0021801805146479396,1.8024081148851063,1.6915026093802747,1.837551385434777,2.6113409194117225,1.7706742174773151,1.670443412651716
IWM,09:50,518497.0,578978.6415390109,0.0016047360510704474,4.222524196690818e-06,0.0030134943860173537,0.00273541114058354,1281,0.0020548781464337046,1.6762505387135582,1.544241237971765,1.7447579420080963,2.319801438629437,1.6743629768765438,1.5744373644521115
IWM,09:55,455869.0,511640.7779822373,0.00130692831446637,2.9074838640408342e-06,0.0025483660996775902,0.002288277674566113,1281,0.0017051345589251406,1.4737802857737097,1.364638920509974,1.4209648713128777,1.597334896477248,1.4159275917771248,1.3064655759026655
IWM,10:00,504704.0,596748.1312470313,0.0016919318517104724,5.2391206568982225e-06,0.003185706090043078,0.0028430545066855596,1281,0.002288912548984391,1.6316591067853579,1.5916356957567694,1.8395620473779204,2.8783066883430863,1.770047542523461,1.7537533538612748
IWM,10:05,438642.0,501365.3712693997,0.001408527006493404,3.5025035942759926e-06,0.0027156117828626113,0.0024179442329457703,1281,0.0018714976874888178,1.4180870647320865,1.337232543755355,1.5314285981628832,1.9242312177095051,1.5088529283122667,1.433932173439063
IWM,10:10,415068.0,481612.0978862584,0.001393994483104657,5.588465694280453e-06,0.0026621908624507307,0.0023136098097056262,1281,0.0023639935901521502,1.3418746079586945,1.2845469744533626,1.515628033588403,3.0702324376217924,1.4791711038684077,1.8112800723100764
IWM,10:15,395461.0,463942.732567384,0.0012799326057111682,2.7530714895755214e-06,0.002481274429578292,0.0022283833855880953,1281,0.001659238225685366,1.2784870776305408,1.2374195666069103,1.3916136411094078,1.5125026890721263,1.3786500016836045,1.271300034787998
IWM,10:20,375589.0,445601.1433981874,0.001326901254623576,3.779687973230696e-06,0.0024861736076631042,0.0021884358442754866,1281,0.0019441419632400037,1.2142428279910715,1.1884992156079153,1.4426805584137514,2.0765128130568224,1.3813720915074303,1.4895918544059024
IWM,10:25,361573.0,425078.70777629357,0.0012437291416316405,2.74047396631018e-06,0.0023593306558522854,0.0020420847021219014,1281,0.0016554376962936964,1.1689304586801417,1.1337621508576368,1.35225122917953,1.505581768970115,1.3108953906463896,1.2683880881651153
IWM,10:30,366966.0,440890.5000273794,0.0012026086323977552,2.4631510040004016e-06,0.002348459019405745,0.0020781125848053504,1281,0.0015694428960622943,1.1863655048911752,1.1759350738094483,1.307542733338497,1.3532240376786329,1.3048548731499539,1.2024993020743715
IWM,10:35,342758.0,415350.05413306167,0.001213826350861735,2.5587514459115878e-06,0.0022716932354001768,0.002022312102760178,1281,0.001599609779262301,1.1081033875767494,1.1078140638852252,1.3197392583484409,1.4057457124751878,1.262202135110612,1.2256130171925081
IWM,10:40,332028.0,395639.2291413294,0.0011034767079845368,2.1784110498111356e-06,0.0021371589382528314,0.0018982767147260001,1281,0.0014759441215070222,1.0734143377261303,1.0552417121560353,1.1997610129047007,1.1967915047682938,1.1874519556150644,1.1308610083654291
IWM,10:45,315851.0,390041.0281436237,0.0010867889212606806,2.1162104537044962e-06,0.002105948003565894,0.0018334076606708097,1281,0.0014547200602536888,1.0211156648991528,1.0403102928965404,1.1816171266241107,1.1626192832225006,1.1701104819571078,1.1145992387219772
IWM,10:50,298988.0,381518.68800977594,0.001085328175561101,2.4708501095438376e-06,0.0020489711126977866,0.001771404470687421,1281,0.0015718937971580134,0.9665992205719404,1.0175796632420044,1.1800289229697491,1.357453828979727,1.1384528830414598,1.2043771702430381
IWM,10:55,283290.0,350175.4216069149,0.0010205225414056272,1.9753110976329702e-06,0.0019071454138260906,0.001649688621272641,1281,0.00140545761146787,0.9158491083114539,0.9339814766433168,1.1095686470856185,1.0852109573749318,1.0596514422747998,1.0768545967015195
IWM,11:00,300993.0,383219.6147730468,0.0010369452910899432,1.9845548112422816e-06,0.0020142599453558652,0.0017322740577027686,1281,0.0014087422799228685,0.9730811912103832,1.0221163439797096,1.127424370412958,1.0902893368300368,1.1191666040455033,1.0793712932532649
IWM,11:05,285881.0,349365.3211155613,0.0010512083234458037,2.141646887999248e-06,0.0019224883570830508,0.0016682367718637596,1281,0.001463436670307003,0.9242255601439753,0.9318207914368226,1.1429319294058566,1.176593738813972,1.0681763150155528,1.1212778617746944
IWM,11:10,277389.0,342324.0166869485,0.0009709833798084425,1.8715155438474958e-06,0.001827839084194055,0.0015656134358099085,1281,0.0013680334585994217,0.8967717473451442,0.9130403531137891,1.0557069259761225,1.0281869916665562,1.0155871218685686,1.048180397839016
IWM,11:15,273092.0,343332.65707756986,0.0009054500378868371,1.502127131795475e-06,0.0018118539971529015,0.001556737079082189,1281,0.0012256129616626428,0.8828799628895887,0.9157305803065249,0.9844554458914181,0.8252496656086316,1.0067054600848115,0.9390585249774729
IWM,11:20,263137.0,327020.9531936066,0.0008895771788727219,1.4467924193390031e-06,0.0017383334791802167,0.001513483764446948,1281,0.0012028268451190318,0.8506964129116843,0.8722243021953952,0.9671975941663454,0.7948494737842082,0.9658558623867255,0.9215999163785716
IWM,11:25,253481.0,323059.0082503911,0.0008721036798581152,1.406008405699335e-06,0.0016783417835473913,0.0014402736519939761,1281,0.0011857522530863414,0.8194795009491886,0.8616570751425561,0.9481994379523879,0.7724432520298058,0.9325231724193148,0.9085174493107798
IWM,11:30,262905.0,327604.2853222912,0.0009135300636511539,1.5098492055662195e-06,0.001796270716424583,0.0015406788926991813,1281,0.0012287592138275991,0.8499463794014006,0.8737801549746171,0.9932404975605182,0.8294920753635868,0.99804705062142,0.9414691676596643
IWM,11:35,251684.0,318332.6272434481,0.0008790729536653548,1.4783658558661073e-06,0.0017261099692217616,0.0014836795252225667,1281,0.0012158806914603535,0.8136699741475518,0.8490509582089729,0.9557768185546989,0.812195520856112,0.9590642145851287,0.9316017081954066
IWM,11:40,246113.0,303746.5448930804,0.000858094255290028,1.4859435003025956e-06,0.0016468425659845202,0.0013900351852655973,1281,0.001218992822088217,0.7956594711915594,0.8101472262750684,0.9329676153970035,0.8163585829598092,0.9150215225298808,0.9339862071264347
IWM,11:45,227323.0,288205.54685777833,0.0007998257552610322,1.161358585531585e-06,0.0015732287062201831,0.001362761864044591,1281,0.0010776634843640128,0.7349132226647063,0.7686965607003269,0.8696148739124,0.6380357321793906,0.8741200621036399,0.8257003749993872
IWM,11:50,225456.0,279859.4671401288,0.0007915367766556318,1.2117606592393583e-06,0.0015490403396508955,0.0013263303093002281,1281,0.0011008000087388073,0.7288773926487597,0.7464360496024822,0.8606026371378473,0.6657259946031872,0.8606804799220189,0.8434274643270213
IWM,11:55,217533.0,280146.3771808251,0.0007813563714859196,1.1588388576141593e-06,0.0014985519846349956,0.0012790869287155966,1281,0.0010764937796448985,0.7032631016919606,0.7472012908128552,0.8495339366117595,0.6366514255003715,0.8326280525492423,0.8248041530903919
IWM,12:00,225756.0,286961.57296095236,0.0008282604424570788,1.237480910674064e-06,0.0016053217189478568,0.0013749312534373566,1281,0.0011124211930173139,0.7298472635672301,0.7653786562862145,0.9005306412005623,0.6798563757450883,0.8919516374923239,0.8523315576325143
IWM,12:05,212657.0,260645.75218603198,0.0008297700100550096,1.3300804552485181e-06,0.001550150571972861,0.0013050958058966535,1281,0.001153291140713618,0.6874994663637575,0.6951895806690477,0.9021719267276935,0.7307293954636247,0.8612973491301569,0.8836459072682534
IWM,12:10,213048.0,277428.2496266315,0.000755656395131906,1.0915549558249396e-06,0.001475390865949917,0.0012509382036527397,1281,0.0010447750742743338,0.6887635314608304,0.7399515507393775,0.8215914984623987,0.5996865000442765,0.8197592316185384,0.8005014395819848
IWM,12:15,212798.0,263042.8735187814,0.0007884625613197812,1.160894651407396e-06,0.0014900249421786044,0.0012662807525324381,1281,0.001077448212865656,0.6879553056954385,0.7015831388227884,0.8572601799037805,0.6377808526337466,0.8278902424316981,0.8255354350533847
IWM,12:20,198719.0,253378.925179733,0.0007781564195221899,1.153095789291905e-06,0.0014969048268888222,0.0012873185428648876,1281,0.0010738229785639275,0.6424392634916298,0.6758076326536515,0.8460547715496687,0.633496256332471,0.8317128559057493,0.8227577986521991
IWM,12:25,193589.0,244580.40266152614,0.000743577653641391,1.0945098579940145e-06,0.0014045569222111288,0.0012093726379441125,1281,0.00104618825169948,0.6258544707857886,0.6523403743974198,0.808458821514697,0.6013098859583705,0.7804023529554499,0.8015842090613391
IWM,12:30,197869.0,256331.59821368777,0.0007596075963421277,1.2135262026642958e-06,0.0014792591282482745,0.001245436976594462,1281,0.0011016016533503823,0.6396912958892974,0.6836829481387962,0.825887463326781,0.6666959618517686,0.8219085222252406,0.8440416804213751
IWM,12:35,186553.0,244659.4227478064,0.0007512103897294331,1.078725088398751e-06,0.0014375522728407653,0.0012153129430828899,1281,0.0010386169112809357,0.6031077648445997,0.6525511353255564,0.8167575550665355,0.5926379329961534,0.7987352868940916,0.7957830858781317
IWM,12:40,190446.0,236226.9484378837,0.0007477801810600084,1.058808168254721e-06,0.0014024650135808932,0.0011772785244776273,1281,0.001028984046647333,0.615693456463282,0.6300601941521371,0.8130280421570876,0.5816958287355317,0.7792400430544503,0.7884024331459126
IWM,12:45,189119.0,239891.8371247385,0.0007234863628778051,1.0221555594364525e-06,0.0013997295018842158,0.0011583011583012753,1281,0.001011017091564951,0.611403394100582,0.639835118193849,0.7866144570775815,0.5615593485863413,0.7777201333015129,0.7746362419699399
IWM,12:50,186433.0,236574.70906485245,0.000761891201170399,1.1522871511074282e-06,0.0014237839163257925,0.001179766996018331,1281,0.0010734463894892135,0.6027198164772116,0.6309877349327099,0.828370325014768,0.6330520007317215,0.7910852887696302,0.8224692579855406
IWM,12:55,173084.0,232040.20348059642,0.0006863885312201205,9.185764723538288e-07,0.0013305632618784418,0.0011037527593818985,1281,0.000958423952305987,0.5595637935083473,0.6188933846153855,0.7462796391660326,0.5046543069492789,0.7392898670787578,0.7343396415574746
IWM,13:00,208179.0,268721.8430140008,0.0008482189211927484,1.5394457935649136e-06,0.001617110270977652,0.0013024602026049698,1281,0.0012407440483697327,0.6730225264540582,0.7167299823408677,0.9222306050427346,0.8457520668330734,0.8985016132152779,0.9506518879794359
IWM,13:05,191119.0,248757.32491678296,0.0007858084755203585,1.3520167998931842e-06,0.0014685512605490964,0.0012285616000786278,1281,0.0011627625724511363,0.6178692002237169,0.6634809850030616,0.8543745107781788,0.7427809460278224,0.8159589982042282,0.890902870922418
IWM,13:10,183774.0,241239.78302852847,0.0006856105577765767,9.568757035905992e-07,0.0013315936744832297,0.001109237731830686,1281,0.0009782002369610218,0.5941235272365037,0.6434303348423501,0.745433783336104,0.5256954206487789,0.739862386717211,0.7494921320080475
IWM,13:15,187347.0,240128.12064226385,0.0007418312050680504,1.49778096116007e-06,0.0014079732490282486,0.001126506702714817,1281,0.0012238386172858209,0.6056746898754843,0.640465329268036,0.8065599858671697,0.822861934378946,0.7823005383863031,0.9376990311850442
IWM,13:20,184951.0,242294.84146087902,0.0007554207120146287,1.8068619388003424e-06,0.0014223280596455457,0.0011876484560570523,1281,0.0013441956475157709,0.5979286541399687,0.6462443673865813,0.8213352507197293,0.9926671180046107,0.790276383156149,1.0299159861404503
IWM,13:25,184143.0,238886.60308478298,0.0007405589663270747,1.1198904390746653e-06,0.0013798655855562381,0.0011241568823382889,1281,0.001058248760488131,0.5953164684662221,0.6371539763572763,0.8051767374220642,0.6152536564997655,0.7666833096625962,0.8108249106105332
IWM,13:30,198897.0,256339.37625578142,0.0007805401826996853,1.5193113753863631e-06,0.0014482924000908564,0.0011709601873536742,1281,0.0012326034947972373,0.6430147202365888,0.6837036935903378,0.848646530944011,0.8346904719005511,0.8047027350227278,0.9444146365228935
IWM,13:35,187412.0,245524.2129769563,0.0007255701694270383,1.1296345217208707e-06,0.001384969446745319,0.0011224987798925806,1281,0.0010628426608491357,0.6058848285744862,0.6548576879999324,0.7888800870071626,0.6206069323811698,0.7695191258677851,0.8143447341044414
IWM,13:40,180280.0,233680.15399061827,0.0006751834655864573,9.545670073198039e-07,0.00131521070391655,0.0010853049706968582,1281,0.0009770194508400556,0.5828277639393868,0.6232674306062304,0.7340968710142142,0.5244270520898618,0.7307596521989764,0.7485874195843438
IWM,13:45,188982.0,246273.67395126465,0.0006900473195169675,1.0738465869635377e-06,0.0013544825648491654,0.0010877275951761162,1281,0.0010362656932290761,0.6109604863811472,0.6568566365962071,0.7502576765104243,0.5899577459514864,0.7525799516771241,0.7939815943594026
IWM,13:50,176346.0,237770.47858794456,0.0006749066043810189,9.430472403342325e-07,0.0013018914568032223,0.0010697305863707678,1281,0.0009711061941591314,0.5701095232951804,0.6341770695232921,0.7337958521727042,0.5180982376696277,0.7233591890191199,0.7440567118729396
IWM,13:55,182070.0,232450.84604142155,0.0006619342718972222,9.853996352463438e-07,0.0012720727382496946,0.0010348905972797555,1281,0.0009926729749753158,0.5886146604195927,0.6199886429392623,0.719691613589433,0.5413661082773357,0.7067912609036431,0.7605810715323581
IWM,14:00,224813.0,314971.574702484,0.0009458652542613788,2.595122963574592e-06,0.0017637447487339286,0.0013164823591363876,1281,0.0016109385350082702,0.7267986359801719,0.8400864203756774,1.0283971082603915,1.4257277646954918,0.9799749160453575,1.2342930532180802
IWM,14:05,213488.0,272631.22517393914,0.0007911139629157684,1.5179111428352768e-06,0.00153070491819706,0.0011755485893417373,1281,0.0012320353659028124,0.69018600880792,0.7271570148999973,0.8601429306146937,0.833921201830063,0.8504929212558475,0.9439793390037876
IWM,14:10,203732.0,258940.3777969914,0.0007434135371121822,1.2420373213694068e-06,0.001435836493995047,0.0011276378671535626,1281,0.001114467281426156,0.6586458065392676,0.6906410373052768,0.8082803849315835,0.6823596102071493,0.797781962876264,0.8538992603439595
IWM,14:15,207178.0,267191.81147125526,0.0007604273134814763,1.1842068807078114e-06,0.0014408470971945665,0.0011678569824373145,1281,0.0010882127001224583,0.6697863904894292,0.7126491102081328,0.8267787052155169,0.6505882968423897,0.8005659629155614,0.8337831313830634
IWM,14:20,198394.0,260506.4238847166,0.0007471845924947594,1.2056777471067459e-06,0.0014254703541852086,0.0011214191049036541,1281,0.0010980335819576494,0.6413885699966204,0.6948179667733505,0.8123804852715211,0.6623841195400793,0.7920223102977643,0.8413078419553321
IWM,14:25,210293.0,265273.9134197892,0.0007542490651978301,1.2706531528937138e-06,0.0014184590635965804,0.0011271234200144961,1281,0.0011272325194447302,0.679856883526212,0.7075337276209153,0.8200613713876895,0.6980807864622645,0.7881266848616615,0.863679921906519
IWM,14:30,227382.0,296269.40215811244,0.0007848207105048018,1.4806926273793294e-06,0.0015357152407800808,0.0011789999306470419,1281,0.0012168371408612286,0.7351039639453387,0.7902043279967378,0.8533005579280634,0.813473819724823,0.8532767653785192,0.9323345349455275
IWM,14:35,212343.0,286933.0466955761,0.0007589800304869522,1.6629643840893164e-06,0.0014750794487037294,0.0011038014923396176,1281,0.0012895597636749204,0.6864843348024253,0.7653025715532056,0.8252051389599667,0.9136116197091824,0.8195862014281398,0.9880542450400394
IWM,14:40,216470.0,289369.8312304192,0.0007861582386679328,1.8462887064634777e-06,0.001472032341644644,0.001092833314160806,1281,0.001358782067317448,0.6998265257375144,0.771801918673773,0.8547547926501695,1.0143276859694146,0.8178931625195609,1.0410920280820135
IWM,14:45,217203.0,289799.2341070843,0.0007464932935031311,1.3508367312102056e-06,0.0014559457004949467,0.0010839129256616797,1281,0.0011622550198687918,0.7021962436816432,0.7729472141687627,0.8116288667077447,0.742132631204523,0.8089550750658957,0.8905139866708364
IWM,14:50,218714.0,293398.8888500726,0.0007284520422213238,1.262705894880223e-06,0.0014336075464357171,0.0010833258102373416,1281,0.0011237018709961389,0.7070811602076718,0.782548147429111,0.7920134187736749,0.6937146633297308,0.7965435111678227,0.8609747567132181
IWM,14:55,232715.0,298830.6229829883,0.0007171832240026975,1.1989844088942784e-06,0.0014043350484246769,0.00110209128541483,1281,0.0010949814650916601,0.7523450359726782,0.7970355693130184,0.7797613352793966,0.6587068841019297,0.7802790750574394,0.8389693252686723
IWM,15:00,267595.0,337766.47569235833,0.0008697552299555899,1.6692743518626297e-06,0.001629375357261997,0.00129186127397406,1281,0.0012920040061325775,0.8651086947601522,0.9008845631715469,0.9456460731070566,0.9170782362722583,0.9053163617271689,0.9899270113935064
IWM,15:05,256722.0,320463.70862994535,0.000745887019350843,1.1328051860646993e-06,0.0014709583849761092,0.001193385236119677,1281,0.0010643332119522999,0.8299573397717289,0.8547349394863399,0.8109696918599352,0.6223488553077428,0.8172964488528927,0.8154867869091393
IWM,15:10,267006.0,330589.5318841265,0.0007594750757078884,1.1367854796733048e-06,0.0014475653070144126,0.0011776581426647574,1281,0.001066201425469552,0.863204514856889,0.8817423499772611,0.8257433795511877,0.624535578322059,0.8042987463066414,0.8169182027677591
IWM,15:15,277890.0,341491.81429053785,0.0007268928767044497,1.0799706383245778e-06,0.0014566635910925043,0.0011958146487294518,1281,0.0010392163578026366,0.8983914317789895,0.91082071811057,0.7903182076411922,0.5933222223868648,0.8093539506847042,0.7962423788067148
IWM,15:20,274173.0,344698.1356905839,0.0007650151188896018,1.2847243493083713e-06,0.0014659928171871098,0.001173938563881729,1281,0.0011334568140464688,0.8863747310991431,0.919372559876237,0.8317668214336794,0.7058113239714495,0.8145374714664906,0.8684489453181226
IWM,15:25,286223.0,355744.35320147226,0.000725227500868858,1.2322467409129187e-06,0.0014081009867432102,0.0011156563778355368,1281,0.0011100660975423575,0.9253312129910314,0.9488348290863358,0.7885075187658231,0.6769807890163133,0.7823715122370176,0.8505270952515899
IWM,15:30,354781.0,426531.2458526706,0.0008181660374904363,1.3960385516719083e-06,0.0015702978117291852,0.0012809735398904031,1281,0.0011815407532844173,1.1469725810859752,1.1376363338349278,0.8895554448599259,0.7669659402043637,0.8724915934236819,0.9052906192138032
IWM,15:35,369767.0,434034.383887982,0.0007749956267225228,1.2332696081330392e-06,0.0015009132283072071,0.0012554635915558924,1281,0.0011105267255374987,1.1954208663666257,1.157648566302646,0.8426181825002843,0.677542739342287,0.8339400108533558,0.8508800261190097
IWM,15:40,416568.0,479280.15608259954,0.0007431641772730566,1.1285601998519106e-06,0.0014297270459954286,0.0011867088607595386,1281,0.0010623371403899568,1.3467239625510457,1.2783272619468908,0.8080092670991886,0.6200167135212951,0.7943874207834769,0.8139574068554717
IWM,15:45,497586.0,569762.9551538017,0.0008109761290487436,1.2975983949518507e-06,0.0015670261446420167,0.001336183858898874,1281,0.00113912176476084,1.6086473027931205,1.519661327883154,0.8817381780592042,0.7128841619739243,0.8706737840828588,0.8727894022391157
IWM,15:50,801865.0,873727.1976193559,0.0010897882019434365,2.218017528923579e-06,0.0020631919292890847,0.0017987314209979358,1281,0.001489301020251977,2.5923518134638144,2.3303891931398724,1.1848781107517241,1.218550803932547,1.1463542778182025,1.1410949974191147
IWM,15:55,1541278.0,1679862.9855401295,0.00095035113026772,1.5832576096077159e-06,0.001865855766446414,0.001636050516647512,1281,0.0012582756492945876,4.982802364926616,4.480499815188168,1.0332744011857335,0.8698217249690082,1.0367100167916132,0.964084512976037
JPM,09:30,348979.0,470139.399630576,,,0.00702090601924276,0.006346205779098013,1283,,3.8762512563472415,4.223899692036731,,,3.8000143331571623,
JPM,09:35,160495.0,209683.50640688074,0.0023792961021733513,9.48910690555709e-06,0.004599230722204345,0.004168432951815766,1283,0.003080439401377195,1.7826830422101345,1.883871249321271,2.5134532388851767,4.881159418480777,2.4893001868950067,2.333882189501893
JPM,09:40,145608.0,188737.24405668123,0.0020923146985459087,7.737633897207405e-06,0.003936403858573917,0.003532349418380416,1283,0.0027816602771020414,1.6173270968574303,1.6956825734522636,2.210290325371247,3.980208564411017,2.130549966439998,2.107513420024071
JPM,09:45,144344.0,185404.2171583796,0.001991149338815297,7.037820966224058e-06,0.0037337286468048184,0.003377682580219933,1283,0.0026528891733775947,1.6032873363330924,1.6657374735513641,2.103420734467608,3.62022753424225,2.020853481743098,2.009950525142703
JPM,09:50,131409.0,173375.74963840607,0.0017593875304145895,5.654575533597389e-06,0.0033550815097088517,0.0029888416578109527,1283,0.0023779351407465657,1.4596130464736694,1.5576694403399105,1.8585909852646636,2.908691502586614,1.8159134719737053,1.8016327379457253
JPM,09:55,123205.0,155634.69042607016,0.0014980859862166146,3.954404483863519e-06,0.002903056327217558,0.002580867171369678,1283,0.0019885684508870994,1.3684878919312105,1.398277450214696,1.5825558957311763,2.034130175052532,1.571258128673702,1.5066306735512625
JPM,10:00,134140.0,164276.87546185424,0.0016969233098200287,4.9602302157793664e-06,0.0032264184207061457,0.0028362245234483663,1283,0.0022271574295005207,1.4899473708344027,1.4759219163876152,1.7926047057829186,2.551522991210622,1.746275510574061,1.6873966277681711
JPM,10:05,116086.0,141838.2398831777,0.0014789662444881753,3.9732986871559275e-06,0.002813864115078622,0.0024815474675489078,1283,0.001993313494449864,1.2894142723325068,1.2743252282883601,1.5623580831385793,2.0438492792077843,1.5229834923796093,1.5102257362084262
JPM,10:10,111740.0,139588.84564449338,0.0014925006799353482,5.232409465985539e-06,0.002751133538308639,0.0023743099661661165,1283,0.002287446057502895,1.2411414881246172,1.2541158698735715,1.5766556607204976,2.6915309312498326,1.4890310238235835,1.7330740577677162
JPM,10:15,106178.0,131958.04571108415,0.0013102518414177845,3.0340678401200768e-06,0.0025162767259568025,0.002195458537197305,1283,0.0017418575831910244,1.179362098855339,1.1855580474191079,1.3841306811533862,1.5607126109453697,1.3619164818071334,1.3197112036162257
JPM,10:20,99573.0,124659.66834271005,0.001311495090027197,4.119461615608734e-06,0.002451106128289163,0.0021380370147657726,1283,0.0020296456872096504,1.1059976856723868,1.119986827600333,1.3854440306104854,2.119034917008148,1.326643369681904,1.5377526719922319
JPM,10:25,95129.0,121931.60152600467,0.0012517273749443319,2.8350868838224776e-06,0.002348324263463714,0.002077112813189622,1283,0.0016837716246042625,1.0566363757276418,1.0954769043818324,1.3223062996998294,1.4583575865371672,1.2710134326830531,1.2757026170018682
JPM,10:30,102634.0,124416.2916930982,0.0012367490390163744,2.6738443529054398e-06,0.002347374482537017,0.0021280476682677347,1283,0.0016351893935888406,1.1399974538408981,1.1178002451608435,1.3064834069893145,1.375415060303802,1.2704993706624368,1.238894490329268
JPM,10:35,93656.0,113760.43778858302,0.0011935708729894788,2.5640835120808222e-06,0.0022393345198550574,0.001981431159420258,1283,0.0016012755890479383,1.040275167458378,1.0220642611930304,1.260870630525599,1.3189545137735805,1.212023526430941,1.2131998363909782
JPM,10:40,91346.0,111842.57988219876,0.0011173277794767611,2.4366362400194172e-06,0.002137062412620167,0.0019021577602091968,1283,0.0015609728505068298,1.0146170608039313,1.0048335431836228,1.1803285533301127,1.253396136302051,1.156669492021478,1.1826646329952575
JPM,10:45,89558.0,108951.90439083554,0.0011147155411820634,2.177762023532231e-06,0.0020838350352584134,0.0018310826276035316,1283,0.0014757242369535818,0.9947570198090608,0.9788626857584815,1.1775690234016811,1.1202322534851912,1.1278605610463779,1.1180763730338037
JPM,10:50,85510.0,105684.32451828683,0.0010984542849473413,2.37091728131338e-06,0.002024070195346208,0.0017346770196597387,1283,0.0015397783221338648,0.9497942424336496,0.9495055852299804,1.1603908726392897,1.2195905613988047,1.095513276000435,1.1666066861119522
JPM,10:55,87956.0,106792.50615807093,0.0010465138751008561,1.915210276509564e-06,0.0019502143841722112,0.0017530678687703197,1283,0.001383911224215471,0.9769629562331199,0.9594618834910557,1.1055217913011488,0.9851766633676682,1.055539355216005,1.0485146231424776
JPM,11:00,87468.0,107284.68663199064,0.0011170895234261207,2.340182345411679e-06,0.0020765687458999663,0.0018062314986704814,1283,0.001529765454379095,0.9715425423597996,0.9638838080390716,1.1800768631593859,1.203780630775604,1.123927734765085,1.1590204782130897
JPM,11:05,78217.0,98898.58928251833,0.0010411463526889513,2.109062345304554e-06,0.0019011558616127042,0.001668377823408566,1283,0.0014522611147120045,0.8687879342817538,0.888540124783297,1.099851619951451,1.0848934081370325,1.028986786590432,1.1002996353757797
JPM,11:10,76443.0,97873.56860757756,0.001010786479578456,2.1156443172167484e-06,0.0018435783174519437,0.0016104555731053358,1283,0.0014545254611785757,0.8490833969635772,0.8793309742279177,1.067779898683966,1.0882791487036785,0.9978233594658974,1.1020152081238848
JPM,11:15,79472.0,97876.165493735,0.0009326114480032686,1.5989513303841084e-06,0.0018146832603144558,0.0015704457074484591,1283,0.001264496473061158,0.8827277281567887,0.8793543055774053,0.9851969506712641,0.8224943004305374,0.9821841198892804,0.9580405301418974
JPM,11:20,77854.0,93440.95171188776,0.000946415802281452,1.6050841146701912e-06,0.001770741091433008,0.001519853080868727,1283,0.0012669191429093615,0.864755946093198,0.8395067664390513,0.9997796665171503,0.8256489806420116,0.9584007404904028,0.9598760559461827
JPM,11:25,76997.0,95559.7437206851,0.0009384907863876201,1.6592983681008748e-06,0.0017432277178428212,0.0015354776143526566,1283,0.0012881375579109845,0.8552368995984531,0.8585427479383286,0.9914077968501621,0.8535365802214948,0.9435093270873939,0.9759521004350332
JPM,11:30,77246.0,96212.90827987295,0.0009447128479069468,1.66556809432256e-06,0.0018078229358835392,0.0016076507687869028,1283,0.0012905689033610565,0.8580026435625038,0.8644110108037059,0.9979806906837666,0.8567617028281705,0.978471019173199,0.977794199273242
JPM,11:35,71333.0,88699.35853689634,0.0009235978648727911,1.602279459780426e-06,0.0017410439698313247,0.0014901990753123167,1283,0.0012658117789704857,0.7923245549704073,0.7969066057902157,0.9756751346633425,0.8242062771539996,0.9423273893544366,0.9590370662315715
JPM,11:40,69898.0,87220.47626324474,0.0009126275635064311,1.5304005414008286e-06,0.0016492991431496747,0.001448060361252936,1283,0.0012370935863550618,0.7763854281093117,0.7836198010996408,0.9640862704292369,0.7872320431264208,0.892671168999433,0.9372788462095002
JPM,11:45,68000.0,82533.97906799687,0.0008549290731162307,1.4727226926810181e-06,0.0015831413345405061,0.0013657056145675783,1283,0.0012135578654028072,0.7553035725118487,0.7415146423418487,0.9031344379029848,0.7575627836989042,0.8568637361302172,0.9194471044381816
JPM,11:50,64787.0,80112.30184049338,0.0008177976417418715,1.262240625557742e-06,0.0015428982473860522,0.001323298321065227,1283,0.0011234948266715527,0.7196154787106638,0.7197574322388409,0.8639093425619401,0.6492916329377709,0.8350824578196564,0.8512112151253387
JPM,11:55,66379.0,82323.18160610834,0.0008267039259040934,1.2479946420033932e-06,0.0015190965255476943,0.0013111213944162882,1283,0.0011171368054107757,0.7372984682318235,0.739620762920016,0.8733178095255604,0.6419635548062969,0.8221999489395083,0.8463940865772596
JPM,12:00,64652.0,81393.53773154403,0.0008419950675008666,1.337133296434233e-06,0.001581787130546165,0.0013647529797107241,1283,0.0011563447999771664,0.7181159789711182,0.7312685114844598,0.8894711455216788,0.6878161294433253,0.856130783064842,0.8760998617220898
JPM,12:05,62491.0,78219.23388800546,0.0007870056814977981,1.205099988250565e-06,0.0014999672415517788,0.0012945254102810467,1283,0.0010977704624604203,0.6941128757329108,0.7027494359981483,0.8313811708323287,0.6198987129563781,0.8118463630677873,0.8317212568285515
JPM,12:10,62018.0,79758.6500648223,0.0007872839934690571,1.12395052032463e-06,0.0014806141158018025,0.0012596221133660379,1283,0.0010601653268828546,0.6888590729417622,0.7165800988191805,0.8316751754856134,0.5781557445596988,0.8013716244742581,0.8032298811764135
JPM,12:15,61725.0,77080.45464377475,0.000765571648311491,1.085307185499953e-06,0.0014548551954854598,0.0012613370172383203,1283,0.0010417807761232461,0.6856046031366744,0.6925182379688328,0.8087385749463918,0.5582777645118068,0.7874297961489001,0.7893009022259881
JPM,12:20,59138.0,78050.04087368122,0.0007615686449047327,1.0649157548023432e-06,0.0014386105854486831,0.0012296089843429091,1283,0.0010319475542886582,0.6568697451647898,0.7012293457405343,0.8045098613075997,0.547788492444733,0.7786375190827904,0.7818508023165709
JPM,12:25,58167.0,72076.35062674512,0.0007546771921194707,1.0522353842494968e-06,0.001384811424491165,0.0011890606420926792,1283,0.0010257852525014663,0.6460844544455396,0.647559586485762,0.7972298324335478,0.5412657595079163,0.7495191143939824,0.7771819598192853
JPM,12:30,60300.0,75616.0185332502,0.0007997483526680058,1.5246922280998978e-06,0.0014728367273180042,0.001229889642334811,1283,0.0012347842840350284,0.6697765503303599,0.6793612227492775,0.8448423403334896,0.7842957091268364,0.7971621695076252,0.9355292128446978
JPM,12:35,58010.0,79455.61173228527,0.0007691461265686276,1.4715912909660114e-06,0.001434441705102457,0.0011792452830188154,1283,0.0012130916251322534,0.6443405917854755,0.7138574945862991,0.8125146009502666,0.7569807950889902,0.7763811429077699,0.9190938594228802
JPM,12:40,56684.0,71130.1409308519,0.0007256734108024099,1.0411075937573883e-06,0.0013530970998003361,0.0011451474377325837,1283,0.0010203468007287464,0.6296121721214946,0.6390585018155003,0.7665906664950612,0.5355416676720843,0.7323539667533154,0.7730615392957907
JPM,12:45,56005.0,72426.9948010413,0.0007376945339197793,1.067250345089137e-06,0.001375734498924098,0.001162393162393077,1283,0.001033078092444679,0.6220702438018542,0.6507098985442449,0.7792896032969121,0.5489893965424626,0.7446062944301033,0.782707349881087
JPM,12:50,54253.0,70102.366254159,0.0007235614541768355,9.78307972700337e-07,0.0013435547178675745,0.00114437149912665,1283,0.0009890945216208293,0.6026100694041959,0.6298246083282122,0.7643596267282637,0.5032377886189213,0.727189221915887,0.7493833791090652
JPM,12:55,53992.0,68534.24761590725,0.0006639525933038002,8.218224252405246e-07,0.001281751047549615,0.0010933608698293557,1283,0.0009065442213375609,0.5997110365744078,0.6157360723782509,0.7013897070571766,0.4227422360403891,0.6937384347373833,0.6868394850519324
JPM,13:00,58484.0,75483.30280858534,0.0007877728275536708,1.206905735658224e-06,0.001477878943026011,0.0012158054711245941,1283,0.001098592615876433,0.6496055019821023,0.6781688574444746,0.8321915725881547,0.6208275823488317,0.7998912320970946,0.8323441579685031
JPM,13:05,54545.0,69069.73538452142,0.0007403089876564943,1.0959536966929322e-06,0.0013537299793247178,0.0011551961611942548,1283,0.0010468780715503273,0.6058534318038056,0.6205470850751577,0.7820514735855488,0.5637542881615865,0.7326965081941523,0.7931628470532669
JPM,13:10,55326.0,69901.65369902572,0.0007001599599763529,9.697357378089048e-07,0.0013146262266510258,0.0011328527291451565,1283,0.00098475161223981,0.6145283154822138,0.6280213352979545,0.7396386341039206,0.4988282645726447,0.7115318863870812,0.7460929917537904
JPM,13:15,55254.0,70211.56164723929,0.0007489521976253543,1.5228399910662426e-06,0.0013585786538752487,0.0010955302366344242,1283,0.0012340340315672995,0.6137285822877895,0.630805658603016,0.7911820328592567,0.7833429256528943,0.7353208180393964,0.9349607871612451
JPM,13:20,55296.0,69767.80187361652,0.0007310765924301668,1.5372767639608417e-06,0.0013547528428149449,0.001133560045342508,1283,0.0012398696560368117,0.6141950933178703,0.6268187628597187,0.77229850771338,0.7907691450735727,0.733250125620888,0.9393821239380461
JPM,13:25,56210.0,70737.7765268823,0.0007225322995131851,1.0759018949306936e-06,0.0013264662025107314,0.0010966248324601367,1283,0.0010372569088372917,0.6243472619248678,0.6355333603651226,0.7632724429513883,0.5534397198883656,0.7179401872314171,0.7858734128614387
JPM,13:30,56717.0,72993.3889991177,0.0007481307129650095,1.2582684174361686e-06,0.0013777556228418142,0.0011551790527532205,1283,0.0011217256426756805,0.6299787165022723,0.6557985856032452,0.7903142286047328,0.6472483446412265,0.7457002130547592,0.8498708001780192
JPM,13:35,56534.0,71084.47697883632,0.0007226878863976644,1.076243190581626e-06,0.0013289556245481642,0.001112369549389116,1283,0.001037421414171515,0.6279460612997771,0.6386482406184865,0.7634368026367445,0.5536152810341737,0.7192875688083239,0.7859980496484666
JPM,13:40,57348.0,70296.0065613258,0.0006942301275845744,9.682606827844002e-07,0.0013007763891604658,0.0010851479418361116,1283,0.000984002379460741,0.6369874893589631,0.6315643417656788,0.7333744468018242,0.49806950204659267,0.7040357625489642,0.7455253386332393
JPM,13:45,55021.0,71011.20042813875,0.0007238673253572944,1.0938370551951556e-06,0.001317562866998472,0.001084464274648218,1283,0.0010458666526833886,0.6111405568113886,0.6379898980074051,0.7646827445228517,0.5626654960671092,0.7131213216225106,0.7923965497261326
JPM,13:50,54822.0,68125.25110940842,0.0006530612187152209,8.059917662966397e-07,0.0012322347251572678,0.0010565506138056349,1283,0.0008977704418706597,0.6089301831212436,0.6120615021992741,0.6898842199046651,0.4145990070965305,0.6669380852809972,0.6801920672766424
JPM,13:55,55631.0,69738.14411835464,0.0006784981738988147,8.671049567106247e-07,0.001250021111003362,0.001061007957559722,1283,0.0009311847060119837,0.617916074153039,0.6265523070310526,0.7167554434296313,0.4460353928335209,0.6765648372934833,0.7055082464944133
JPM,14:00,63262.0,83666.42916043024,0.0008501825448960491,1.8178565760484795e-06,0.0015949908115181427,0.0012370623891798747,1283,0.001348279116521679,0.7026766853565377,0.7516889770188294,0.8981202756397936,0.9350983012352647,0.8632771793855495,1.0215181039174035
JPM,14:05,62802.0,79929.01548987295,0.0007532858572911334,1.2182305248551992e-06,0.0014298731638485657,0.0011607661056296495,1283,0.001103734807304363,0.6975672788366046,0.7181107224320293,0.7957600468833326,0.6266530095467013,0.773908453172453,0.8362401180653938
JPM,14:10,61574.0,75691.81934998986,0.0006975546134442134,9.584906313408268e-07,0.0013224179066932589,0.0011029736168710845,1283,0.0009790253476498077,0.6839273849094789,0.680042244264884,0.7368863845316027,0.4930438258583613,0.7157490765558017,0.7417545110380177
JPM,14:15,61630.0,76383.81652106937,0.0007217143102828516,1.0250204910508154e-06,0.0013496824744005627,0.0011095130470514972,1283,0.0010124329563239312,0.6845493996162534,0.6862593931362821,0.7624083312174696,0.5272665250613219,0.7305058255837943,0.7670656477685528
JPM,14:20,60634.0,75106.32984909197,0.0007255457044169319,1.094943184541393e-06,0.001329708718658534,0.0010895619960776181,1283,0.001046395328994445,0.6734864237600504,0.6747819982091895,0.766455759356806,0.5632344846695333,0.7196951755197337,0.7927970991496449
JPM,14:25,61089.0,76386.38575888776,0.0007146871551291043,1.0569872265132726e-06,0.0013193950671915207,0.0011059787912301574,1283,0.0010280988408286787,0.6785402932525929,0.6862824760832514,0.7549849483668857,0.5437100885529796,0.7141129866548749,0.7789348404597245
JPM,14:30,64750.0,80835.34837639205,0.0007284093358451932,1.0690541368313033e-06,0.0014000590762848072,0.0011486708237610811,1283,0.0010339507419753144,0.7192045047079735,0.7262535396544509,0.7694808572762125,0.549917259948248,0.7577717950599856,0.7833685091937216
JPM,14:35,63027.0,77890.6883419665,0.0007243028012543732,1.15918795319835e-06,0.0013577975875095028,0.0010961707103186618,1283,0.0010766559121643043,0.7000664450691806,0.6997976658809778,0.765142774824658,0.5962817419866974,0.7348980715481535,0.8157239050048423
JPM,14:40,62429.0,80357.39361956742,0.0007127556191470571,1.1261231452620187e-06,0.0013428509684333112,0.0010796545105564923,1283,0.0010611894954540488,0.6934242165932676,0.7219594240118449,0.7529445023014864,0.5792733343161963,0.7268083226516294,0.8040058382643176
JPM,14:45,62323.0,79628.07902589945,0.0007230085275194754,1.1011350268657832e-06,0.0013447152899873217,0.0010818733859147144,1283,0.0010493498114860379,0.6922468316125874,0.7154070021343919,0.7637755231790929,0.5664195441045519,0.7278173731370563,0.7950355506066809
JPM,14:50,61838.0,76684.88401613952,0.0006943489114446869,9.722443240435377e-07,0.0013042752851275482,0.0010524469391335251,1283,0.0009860245047885665,0.6868597399557014,0.6889642906639267,0.7334999283161486,0.5001186715043106,0.7059295145503011,0.7470573935360051
JPM,14:55,65333.0,80490.23517126813,0.0006820777804318148,9.71794328455066e-07,0.001303018343503229,0.0010568195946785246,1283,0.0009857962915608203,0.7256801221017148,0.7231529197915205,0.720536886868338,0.49988719553646616,0.7052492040354952,0.7468844887265785
JPM,15:00,73260.0,90722.1874996329,0.0008001243315496421,1.2502832548139884e-06,0.0014714130956437212,0.0012249371413835194,1283,0.0011181606569782307,0.8137285253267357,0.8150804211297932,0.8452395188674846,0.6431408082703874,0.7963916392152975,0.84716980348859
JPM,15:05,71597.0,86957.11355406704,0.0007449709479793487,1.0828349822138223e-06,0.0013709987812474008,0.0011451667228023976,1283,0.0010405935720605919,0.7952569100166298,0.7812536567878393,0.7869762995718266,0.5570060728263195,0.7420431216715002,0.7884014219713549
JPM,15:10,75541.0,91433.58452958535,0.0007074866147556042,1.0390247466325067e-06,0.0013571763188362734,0.0011331938633194706,1283,0.0010193256332656933,0.839064517222317,0.8214718652378453,0.7473784039326029,0.5344702592706343,0.7345618143960789,0.7722878559850743
JPM,15:15,79668.0,96071.78867212003,0.00069576145436757,9.263942549218913e-07,0.001374802525480778,0.0011376564277588252,1283,0.0009624937687704224,0.8849047796304993,0.8631431420222417,0.7349921177840093,0.47653357556656173,0.7441018705803849,0.7292294285794263
JPM,15:20,81582.0,98291.18275565706,0.0007679502153515606,1.1425187809731661e-06,0.001401065130919777,0.0011666796297737083,1283,0.0010688867016541866,0.9061643537156122,0.8830829683659315,0.8112512580148452,0.5877071850958286,0.7583163148160322,0.8098375947505493
JPM,15:25,87507.0,103829.473956894,0.0007328898085853702,1.0981901931019227e-06,0.0013707367708811152,0.0011417154274296888,1283,0.0010479457014091534,0.9719757311734462,0.9328409476327111,0.7742139624623422,0.5649047331528584,0.7419013104658536,0.7939717324062399
JPM,15:30,105704.0,125592.67661099376,0.0008342414669916493,1.3961806494269636e-06,0.0015440717537769516,0.0013075839871254241,1283,0.001181600884151228,1.1740971886587124,1.1283693059464748,0.8812803565336617,0.7181898565037755,0.8357176096210402,0.8952350295828989
JPM,15:35,110745.0,130898.80279905534,0.0008094188491296387,1.245864189645311e-06,0.0015172556314841852,0.0012998129537455795,1283,0.0011161828656834467,1.2300896196738922,1.1760414321058066,0.8550581098759675,0.6408676584593828,0.8212035784129714,0.845671338082848
JPM,15:40,126012.0,145575.99255668043,0.0008116714676095792,1.2102164054003177e-06,0.0015340994225060956,0.0013226592412112616,1283,0.0011000983616933158,1.3996663791082804,1.3079065285982754,0.8574377427468857,0.6225305778945597,0.8303201578305759,0.8334849800675741
JPM,15:45,149294.0,172279.32557881996,0.0008863148698292412,1.399138375908405e-06,0.001698611265753405,0.00149749332638837,1283,0.0011828517979478263,1.6582689934497636,1.5478187763639355,0.9362899297021137,0.7197112994188852,0.9193609968049886,0.8961827792543183
JPM,15:50,227292.0,259778.28610192126,0.0011025078304530615,2.3720083466509146e-06,0.0021510169286867845,0.0018790879196329947,1283,0.0015401325743749836,2.52462440593181,2.3339405791685377,1.1646729782044671,1.2201518011341654,1.164222272377757,1.1668750838592894
JPM,15:55,543186.0,598300.7541482354,0.0011633699746328434,2.328663343134823e-06,0.0023966790501318176,0.0021684134441634357,1283,0.0015259958529218955,6.033387152035603,5.3753469145063315,1.2289668478386149,1.1978553011302768,1.2971851093743427,1.156164455238398
META,09:30,770334.0,1000215.2348834663,,,0.009935670509981969,0.009055913164205492,1287,,4.28640946282246,4.226959320928527,,,3.5978587559543613,
META,09:35,429962.0,550704.5243801615,0.0033232238618069094,1.9407855049490486e-05,0.006636740582635334,0.005855443732845385,1287,0.004405434717424659,2.39245987513737,2.3273047052492104,2.3992376852587154,4.7661641620453175,2.403265606708965,2.2928499083872644
META,09:40,369837.0,484466.5795926294,0.002917416485604757,1.4540448901519797e-05,0.005698429213916489,0.005180505415162463,1287,0.003813194055056705,2.0579032166590987,2.047379856722554,2.1062606273090947,3.570830793910646,2.0634886615732566,1.9846126887815243
META,09:45,345085.0,448349.40963774285,0.00267759346114792,1.2320571355989685e-05,0.005378400177477498,0.0048162510522611664,1287,0.0035100671440856635,1.9201743782282603,1.8947469004727384,1.9331177810860565,3.0256751971352824,1.947601236587205,1.8268474386688256
META,09:50,315080.0,406928.5255821111,0.0025071755607037585,1.0790926030069143e-05,0.004913071291168877,0.004413506046144527,1287,0.0032849544943680943,1.7532159992238443,1.719700184692158,1.8100827205572159,2.650026228485652,1.7790985063163114,1.709685444135066
META,09:55,286438.0,370043.7288125105,0.002228624661033354,8.670685213637776e-06,0.004459154963509702,0.003949750397717916,1287,0.0029446027259441595,1.5938418318702536,1.5638231993511154,1.6089798627471559,2.129339332978043,1.6147284386597323,1.5325461670590328
META,10:00,306128.0,384440.30101358664,0.00243572280625874,1.0222305886495176e-05,0.004800552913487831,0.004291263890143593,1287,0.003197234099420181,1.7034039209419733,1.6246638293799605,1.758496625756243,2.510384988214206,1.738353875147351,1.664030540040245
META,10:05,273876.0,344970.0752327312,0.002168573219589911,8.836591462112543e-06,0.004256336984468794,0.0037326894790885314,1287,0.0029726404865224694,1.523942443199916,1.4578606924701545,1.565625070125127,2.1700824451727403,1.5412849361780239,1.5471386830981635
META,10:10,260520.0,333567.498571798,0.002128591726860956,9.07816067294402e-06,0.0041136097170628595,0.0036179450072359415,1287,0.0030129986181450566,1.4496249591144976,1.4096728364781896,1.5367599957102938,2.2294068018511353,1.4896012024799332,1.568143452054909
META,10:15,244191.0,309564.54477522377,0.0020188709193703714,7.076284470570854e-06,0.0038536692621540113,0.0033904354032833284,1287,0.002660128656770355,1.358764656806112,1.3082351601243927,1.45754586294787,1.7377877853100543,1.3954727749338534,1.3844889637905646
META,10:20,229832.0,297811.92661713524,0.0019285571946258066,7.75403347959573e-06,0.0037248983963094847,0.0032589876769527773,1287,0.0027846065215027653,1.2788661277568065,1.2585680113587232,1.3923428850824466,1.9042287974383316,1.3488428684041334,1.4492746385434059
META,10:25,217466.0,288344.128021474,0.0018098473045042053,5.824466900042662e-06,0.0035270151755953105,0.0031125809409999292,1287,0.0024133932336116845,1.2100573520604687,1.2185566236824827,1.3066389861468486,1.430367515174291,1.2771863176371099,1.2560731935721001
META,10:30,222762.0,284344.55224589823,0.0018031141648750131,5.9707086038891206e-06,0.0035379881682094175,0.0031010180109632235,1287,0.002443503346404322,1.2395261597660974,1.2016542175655638,1.3017779226102852,1.4662814256034464,1.2811598066448247,1.271744284800638
META,10:35,209127.0,265434.1358400777,0.0017738958061684366,5.842265055377027e-06,0.0034007197064032765,0.0029427993378701445,1287,0.0024170777925786803,1.1636562214983017,1.1217378574647943,1.2806834101051574,1.434738370680417,1.2314527902205745,1.257990856920171
META,10:40,199434.0,255225.21704472727,0.0016851369379063592,5.374039248311284e-06,0.0032705868053361843,0.002904245323310869,1287,0.0023181974135761787,1.1097209584524823,1.0785944589705325,1.2166029778229028,1.3197518842453757,1.1843296698361374,1.206527634223792
META,10:45,191824.0,249304.14792799612,0.0016619801931452,4.956662898329742e-06,0.003170586865202711,0.0027943741991260946,1287,0.002226356417631674,1.0673762404313656,1.0535717264426234,1.1998847135683,1.217252963252067,1.148118157000374,1.1587281246079393
META,10:50,187867.0,246544.31336854002,0.001733301401408434,5.8662922626527415e-06,0.0031941442700905427,0.002805418642859273,1287,0.002422042993559929,1.0453580999307666,1.0419085283543912,1.2513758371696744,1.4406389513442526,1.1566486548020167,1.2605750424421927
META,10:55,183152.0,240354.48601330767,0.0015699595040077673,4.506310502236019e-06,0.002944085669968718,0.0025823111684957906,1287,0.002122807222108503,1.0191221806837805,1.0157500101458716,1.1334493741560572,1.1066558135371896,1.066098598512798,1.104834972467968
META,11:00,188798.0,241491.8645575074,0.001653842750615486,5.053473866021962e-06,0.003135595468986047,0.0027535715442677856,1287,0.002247993297592758,1.0505385115572659,1.0205566284327738,1.1940097982478792,1.2410277164914623,1.1354472354823233,1.1699892421635658
META,11:05,175388.0,228686.23132364103,0.001578943900704532,5.052867967494382e-06,0.00296782530011515,0.0025142069915619703,1287,0.002247858529243863,0.9759205524688066,0.9664393855929465,1.1399357572679283,1.2408789204580715,1.0746950828768527,1.169919100709603
META,11:10,171917.0,225489.20616593317,0.0014596830209973814,4.212729175671855e-06,0.0028171824264672006,0.0024539505574406274,1287,0.002052493404537967,0.9566066869955746,0.9529285982960596,1.0538340653960712,1.0345583667174507,1.0201449866924146,1.0682394851855672
META,11:15,165556.0,216092.6023646713,0.001427602506652706,3.856306403910944e-06,0.0027562508106369283,0.002418187944738513,1287,0.0019637480500081838,0.9212118445077528,0.9132180833612977,1.0306731884347524,0.9470283724459659,0.9980807135958835,1.0220511312420635
META,11:20,160450.0,209808.23100258276,0.0014473983397129645,3.7940141677432895e-06,0.0026922688375026873,0.0023383176419912344,1287,0.0019478229302848063,0.892800263664675,0.8866600174783567,1.0449650058579214,0.9317306992698807,0.9749118593114147,1.0137627529909048
META,11:25,157906.0,208180.60035396504,0.001368931758699534,3.344690857307695e-06,0.0025712972995998533,0.002281085610539589,1287,0.0018288495994224607,0.8786445524103096,0.8797815694191196,0.988315202525543,0.8213862715158248,0.9311062091111882,0.9518419646316293
META,11:30,159753.0,204043.10176311733,0.0013904483078154622,3.4746467627984558e-06,0.0026483949072365824,0.0023516132066597685,1287,0.0018640404402261383,0.8889219103846857,0.8622962946262895,1.0038493096583638,0.8533007297502226,0.9590244359103016,0.9701573685107614
META,11:35,152285.0,195069.3335923815,0.0012912294299745762,3.1405249978303555e-06,0.002534275973670341,0.002266100141631282,1287,0.001772152645183353,0.8473673303345282,0.8243727040927351,0.9322171594620475,0.7712473973294359,0.9177002188945522,0.9223335018643114
META,11:40,145227.0,192536.80800618805,0.0013375386935124258,3.2542875419261513e-06,0.0024782702008906915,0.002171899453831189,1287,0.001803964395969652,0.8080941345667171,0.8136701250290422,0.9656506369757094,0.799185103957491,0.8974196691544203,0.9388902265815132
META,11:45,141437.0,185138.17130712353,0.0012334287946173578,2.746108424272833e-06,0.002378698237317137,0.002058823529411773,1287,0.0016571386255448978,0.7870052408347812,0.7824031184222909,0.8904873608244276,0.6743869182598581,0.8613631331983651,0.8624733742477925
META,11:50,136211.0,180349.09321456644,0.001239420592839558,2.833144880317618e-06,0.0023787153654490694,0.0020706655710764025,1287,0.0016831948432423436,0.7579259377627239,0.7621642362537472,0.8948132048526878,0.6957612554307747,0.8613693355577715,0.8760345776686962
META,11:55,133811.0,177975.86758125486,0.0012305589310447958,2.7453708163658564e-06,0.002316957718137714,0.00199430199430198,1287,0.001656916055920111,0.7445714931831339,0.7521348667125387,0.8884154315409463,0.6742057771516362,0.8390059437863685,0.8623575357944876
META,12:00,138418.0,188727.85922592695,0.0012801463612111873,2.9969281248751307e-06,0.002454260357846592,0.002190867027451103,1287,0.001731163806482544,0.7702064624240386,0.7975733180737474,0.9242156171792539,0.735983002170068,0.8887253365536646,0.9010004754802567
META,12:05,133843.0,180630.99973338694,0.00127195635929763,3.096169446276575e-06,0.0023785954300112274,0.002037697401935769,1287,0.0017595935457589559,0.744749552444195,0.7633555872208194,0.918302756038848,0.7603545995594457,0.8613259050953024,0.9157970005172913
META,12:10,126842.0,173237.1197876123,0.0011229623207738657,2.3233352688061622e-06,0.0022259243450135076,0.0019161533222056312,1287,0.0015242490835838355,0.7057935247351493,0.7321086828900131,0.8107348861118614,0.5705626544696686,0.8060413624579182,0.7933097630141736
META,12:15,128535.0,174971.31999893006,0.0011547644141510812,2.5671495014301867e-06,0.00223694098835055,0.0019424131627056326,1287,0.0016022326614540683,0.7152139725156684,0.7394374992206701,0.8336947540213454,0.6304383416471506,0.8100306580622343,0.8338970491378913
META,12:20,123706.0,164645.6575441515,0.001161540702159519,2.4365776648445803e-06,0.002213936942486387,0.001954627018713194,1287,0.0015609540880002141,0.6883437171511517,0.6958007362162822,0.8385869690005587,0.5983726235902191,0.8017005400544356,0.8124132275781986
META,12:25,122375.0,163552.23547826885,0.0010915469740764964,2.2194099317752173e-06,0.002131707096793412,0.001844252847065359,1287,0.0014897684154845064,0.6809375647613873,0.6911798801925985,0.7880542341828594,0.5450407605961685,0.771923851100226,0.7753639751944201
META,12:30,119120.0,158171.27467215696,0.001130867233272553,2.51839794901055e-06,0.0021791111375719695,0.00188294495880541,1287,0.0015869461077839253,0.6628255993003184,0.6684396722436605,0.8164419238421486,0.6184659778081778,0.7890895816879507,0.8259410185914589
META,12:35,115605.0,156863.8094701927,0.0011056023779774193,2.3555425344771477e-06,0.002108717616346004,0.0018103157313369698,1287,0.001534777682427376,0.6432669023431272,0.6629142592830427,0.7982016862122544,0.5784720867591763,0.7635990074533429,0.7987894712478187
META,12:40,113308.0,159940.86326411497,0.0011056511546146588,2.375339656506208e-06,0.002079837266722279,0.0017826664138062861,1287,0.0015412136959248085,0.6304855860100779,0.6759180416306827,0.7982369010371027,0.5833338467674788,0.7531409896814824,0.8021391549690642
META,12:45,114858.0,163554.4349782028,0.0010782911572846884,2.311807105697379e-06,0.0020823033055787916,0.0017577781683950488,1287,0.0015204627932630837,0.6391103314677298,0.6911891753886952,0.7784840527812072,0.5677315782006433,0.7540339801931457,0.7913391526267977
META,12:50,114119.0,156560.6598976659,0.0011143528415964424,2.202647930774375e-06,0.0020934155573957038,0.0017958396381716373,1287,0.001484132046272964,0.6349982754075977,0.6616331341146414,0.8045191787891254,0.5409243629700187,0.7580578970951485,0.7724304738581713
META,12:55,114009.0,153229.32994156954,0.0010274135797469362,1.9742734196536068e-06,0.0019750822054735925,0.0016480730223123157,1287,0.0014050884027895208,0.6343861966976998,0.6475547680611083,0.7417524311874466,0.48484034916979185,0.7152075745218842,0.7312914666217741
META,13:00,119216.0,169806.39446098366,0.0011968227345206786,2.8239694040881613e-06,0.0023133078471934054,0.001935535901502649,1287,0.0016804670196371488,0.663359777083502,0.7176102670579168,0.8640592167856915,0.6935079499592005,0.8376842695096409,0.8746148562326869
META,13:05,114408.0,157164.51999232944,0.0011033284418160375,2.4577814160015318e-06,0.0021289049481026325,0.0018072289156626292,1287,0.0015677312958544687,0.6366063731090567,0.6641850769032075,0.7965599932180023,0.6035798223562591,0.770909150059921,0.8159404891095721
META,13:10,115432.0,154795.05220979566,0.001080391310889874,2.269460170901844e-06,0.0020233950209220396,0.0017142776848819167,1287,0.001506472758101468,0.6423042694630151,0.654171588226255,0.7800002815650405,0.5573320547870424,0.7327023863628536,0.7840579073249953
META,13:15,115186.0,154782.6436442937,0.0010864366604939357,2.56660427590731e-06,0.0020645777672802412,0.0017495181990896664,1287,0.00160206250686648,0.640935438893607,0.6541191490113955,0.7843647875970664,0.6303044456374812,0.7476152907743115,0.8338084905833812
META,13:20,113576.0,155662.9633593815,0.001089430480926259,2.7164151813593117e-06,0.0020434451815151424,0.0017272282874369546,1287,0.0016481550841347763,0.6319768323214654,0.6578394239035501,0.7865262088863991,0.6670948774924241,0.7399628571862078,0.8577978056784252
META,13:25,108221.0,147190.708496345,0.0010637722521341802,2.2077177518538462e-06,0.001974451367120894,0.001652465788794328,1287,0.001485839073336627,0.6021797278532552,0.6220352535473901,0.7680019709731957,0.5421694052209701,0.714979138274067,0.7733189121389734
META,13:30,112485.0,159446.5632452906,0.0011377153166968069,3.059671248885469e-06,0.0021000646162096463,0.001768428890543538,1287,0.0017491915986779347,0.6259061243896602,0.6738291051707734,0.8213859723042742,0.7513914039903759,0.7604656233224388,0.9103832093839361
META,13:35,109783.0,154273.3544694662,0.0010780102740248427,2.547498260258361e-06,0.0020332512213146123,0.0016811636576272917,1287,0.0015960884249496834,0.610871245533805,0.6519668676328421,0.7782812660505493,0.6256124069328801,0.7362714677698137,0.8306992234952895
META,13:40,111961.0,157999.5334789969,0.0009999558458920117,1.912372910165126e-06,0.001993355471000202,0.0016913605304106623,1287,0.0013828857184037754,0.622990403989783,0.6677138854210874,0.7219290209821768,0.4696388758908533,0.7218246043749514,0.7197358708349486
META,13:45,110395.0,152828.2860549868,0.0010308367096082184,2.2468655341986108e-06,0.001980310610401579,0.001641742037551152,1287,0.0014989548139282287,0.6142766289016005,0.6458599366534565,0.7442237970978541,0.5517832835583428,0.7171008601769321,0.7801451226137174
META,13:50,109909.0,151470.31945004818,0.0010218077778133606,2.014718329388329e-06,0.001927077974867006,0.0016431369456055946,1287,0.0014194077389490059,0.6115723538742335,0.6401211022525551,0.7377052613865479,0.49477277492334526,0.6978245059874313,0.7387440997232436
META,13:55,109694.0,151785.58216030305,0.0010021375865877338,1.9899990348273035e-06,0.0019079805296198908,0.001609729923090686,1287,0.0014106732558701548,0.6103760182139786,0.6414534181433527,0.7235041524552016,0.4887022320659627,0.6909090280104128,0.7341981559034562
META,14:00,123532.0,177170.06819976534,0.0012740413151796346,3.900943729879275e-06,0.0023859093332672956,0.0018649805198953009,1287,0.001975080689460376,0.6873755199191314,0.7487295184558884,0.9198080126607981,0.9579903681315931,0.8639743816972197,1.0279493099682109
META,14:05,118664.0,169353.2444724483,0.0011084817220674327,2.6732369195692746e-06,0.002172228614927772,0.0017599436818020822,1287,0.0016350036451241552,0.6602882548301963,0.7156952326723014,0.8002804600586335,0.6564911975186041,0.786597314625189,0.8509530156259486
META,14:10,117559.0,165736.8242556418,0.0010698209407734819,2.343092244512973e-06,0.00206411473632694,0.0017005067510118016,1287,0.0015307162521228334,0.6541396459716767,0.7004120610001506,0.7723688876581036,0.5754145553790726,0.7474476201608448,0.7966756616696493
META,14:15,116713.0,160546.84759723386,0.0010058224627816923,2.0033908907747407e-06,0.001975005719702119,0.0016574046992298111,1287,0.0014154119155831424,0.6494322042573712,0.6784789615565945,0.7261644889831329,0.4919909924012592,0.7151798778503484,0.7366644358929946
META,14:20,116246.0,165480.1929220637,0.0010699875196435297,2.3580200400669626e-06,0.0020385598171795936,0.001711304578985799,1287,0.001535584592286261,0.6468336519162593,0.6993275242227872,0.7724891510887981,0.5790805104269815,0.7381937917936888,0.7992094350685748
META,14:25,116871.0,165663.7323371717,0.0010208172637907978,2.1288826291452658e-06,0.001979082298795353,0.0016437147954376755,1287,0.0014590690967686438,0.6503113718588609,0.7001031709180098,0.7369901489928202,0.522809144357215,0.7166560696956997,0.7593862262047891
META,14:30,123681.0,168873.46724673582,0.001079831690371124,2.5717228513816043e-06,0.002114058780665363,0.0017056494074721938,1287,0.001603659206746123,0.6882046083534477,0.7136676702582666,0.7795962574324926,0.6315614609503066,0.7655331250143157,0.8346395080442192
META,14:35,116855.0,167040.76129836985,0.0010557026340083171,2.585575945556091e-06,0.002040241290049837,0.001643010360092993,1287,0.0016079726196537338,0.6502223422283303,0.7059225637843893,0.762176022220321,0.6349634917682156,0.7388026789224464,0.8368844643367126
META,14:40,119357.0,168601.68353269697,0.0010608099797205018,2.650086124805356e-06,0.002037693225515305,0.0016496177076424433,1287,0.001627908512418728,0.664144350702553,0.7125190987675846,0.7658633261197505,0.6508058454771093,0.7378799856540764,0.8472602871173885
META,14:45,119500.0,167359.23761728438,0.001033845415607601,2.3647697556840306e-06,0.0020044091105660003,0.0016053654882094417,1287,0.0015377807892167305,0.6649400530254201,0.7072684605451877,0.746395965184556,0.5807380997172988,0.7258272968814126,0.8003524664045994
META,14:50,120157.0,166655.38951899225,0.0010176425591636002,2.0959504177009383e-06,0.0019958702044902336,0.0016225571500684672,1287,0.0014477397617323835,0.6685958322290829,0.7042939634811228,0.7346981363876277,0.5147216805152501,0.7227352279606382,0.7534897672929741
META,14:55,122577.0,167796.9908739472,0.0009860572782869293,2.0732760311197964e-06,0.001913975217629523,0.0015941187850647672,1287,0.0014398875064114546,0.6820615638468362,0.709118427576267,0.7118947986258476,0.5091533243809004,0.6930797965280484,0.7494029872024612
META,15:00,134228.0,187110.96090724552,0.0011826522840176366,2.9378164702568567e-06,0.00223352089001968,0.0018451309890510884,1287,0.0017140059714764288,0.7468918279288377,0.7907402253745142,0.8538287056080587,0.7214664134444007,0.8087921879747266,0.8920705189730604
META,15:05,135739.0,190139.97905466822,0.001081927626034468,2.3907921774322824e-06,0.0020622331741197487,0.0016830895403635822,1287,0.0015462186706388856,0.7552995636620712,0.8035410066913492,0.7811094410272441,0.5871286634158567,0.7467662776127787,0.8047440411041971
META,15:10,140115.0,190662.24854734732,0.0010594532408873686,2.305824945983101e-06,0.0020605862673573508,0.001694163204388639,1287,0.001518494302255725,0.7796491676121904,0.8057481435386237,0.7648838137327224,0.5662624846213108,0.7461699074020938,0.7903146329788202
META,15:15,145863.0,196987.42606035355,0.0010025399892384249,1.9727491183379008e-06,0.002060837472377924,0.0016692326391702015,1287,0.0014045458761955414,0.8116330623803085,0.8324786582445352,0.7237946714344621,0.4844660125785225,0.7462608725948203,0.7310091035563578
META,15:20,144714.0,199005.6059691857,0.0010676529563529123,2.3184793377353074e-06,0.0020668342344990686,0.001751163883312675,1287,0.0015226553575038927,0.8052396220378297,0.841007586898519,0.7708036876778482,0.569370139140991,0.7484323921800622,0.7924802932953424
META,15:25,148930.0,196675.63620937295,0.001066869800607334,2.319533612496783e-06,0.0020232408278567874,0.001662848274332971,1287,0.0015230015142792153,0.8286989296826429,0.8311610188297277,0.7702382798520881,0.569629047019903,0.732646550687811,0.792660453842824
META,15:30,174747.0,229788.46709284536,0.001171096786103652,3.174760171105923e-06,0.002214316703131855,0.0018466611706512853,1287,0.0017817856692391267,0.9723538028956744,0.9710974887651521,0.8454860879512132,0.7796548414045968,0.8018380572116413,0.9273470997815414
META,15:35,177815.0,228930.18881829604,0.001092624445951759,2.2892054517162e-06,0.0021003021697510323,0.0017958359054939907,1287,0.001513012046123956,0.989425234549917,0.9674703620967812,0.7888321267460557,0.5621810836749295,0.7605516451050679,0.787461341243554
META,15:40,191903.0,248355.82565357885,0.001116614703873615,2.3886260203055407e-06,0.0021675900602627653,0.0018287243532560064,1287,0.0015455180426981565,1.0678158242321105,1.0495640693531378,0.806152154911085,0.5865967004328012,0.7849176228017031,0.8043793927067618
META,15:45,215066.0,274967.5578126869,0.0011361230362746861,2.277838562087136e-06,0.002239270321889967,0.001943634596695829,1287,0.001509250993734023,1.1967029074808788,1.1620265727953103,0.8202364081000215,0.5593896128067775,0.8108741454808147,0.7855038661745015
META,15:50,359781.0,436689.0142311702,0.0018814257773326314,6.6297161679560615e-06,0.003398974843193851,0.0029618320610687856,1287,0.002574823521710966,2.0019480938706167,1.8454694896409918,1.3583158447048669,1.628119929980317,1.2308209484772652,1.3400911044074109
META,15:55,670534.0,780595.4404538353,0.0014457809918640707,4.052843162923863e-06,0.0029107760631768196,0.002482023579224027,1287,0.0020131674453268567,3.7310871423878416,3.2988351485018863,1.0437973439517119,0.9952936987761161,1.054036678752755,1.0477719200624713
MSFT,09:30,976313.0,1248913.2537172155,,,0.006502089108959561,0.005929674812101044,1281,,4.575059476891726,4.9022043831776445,,,3.345231892757608,
MSFT,09:35,455472.0,536040.9550247978,0.0021692327583318627,8.084932242511757e-06,0.004408519920966649,0.003956478733926751,1281,0.0028434015267829755,2.1343682713011383,2.1040551146879642,2.255081351872468,4.083129861595034,2.2681204751798187,2.111859454818503
MSFT,09:40,395820.0,468467.3023032006,0.0019915700844936163,6.777672981175764e-06,0.00391910011752344,0.0035061267470802987,1281,0.0026033964318128277,1.8548355313749616,1.8388166318924706,2.0703875788517596,3.422925277722184,2.016320983048994,1.9336021723900247
MSFT,09:45,380166.0,457411.0617009523,0.0018520830895789161,5.848491185804028e-06,0.003624618735895391,0.0032282625247449436,1281,0.002418365395428083,1.7814799773146726,1.7954189411557524,1.9253803084919103,2.953660994271103,1.8648145221043047,1.796175382700531
MSFT,09:50,330666.0,403781.441211783,0.0016539701618344179,4.783261159448569e-06,0.003240601207120861,0.0029064939378840252,1281,0.0021870667935498835,1.5495200995847433,1.5849132396207062,1.7194269513865004,2.4156883310978143,1.6672429934606312,1.6243846121527525
MSFT,09:55,313230.0,376601.53053376346,0.001541040813399679,4.119671049240286e-06,0.0029879727859459613,0.002608293713682054,1281,0.0020296972801972925,1.4678139899261766,1.4782273053786046,1.6020283611447945,2.080555702452703,1.537269282339575,1.5075026693306046
MSFT,10:00,340825.0,390324.99584404525,0.0016083967366915697,4.6369742712504255e-06,0.0032798011967941597,0.0029239766081870897,1281,0.0021533634786655097,1.5971257641879424,1.5320943226403834,1.67204993258303,2.3418091267155043,1.6874108277448758,1.5993523880623974
MSFT,10:05,290851.0,340885.7878842654,0.0014597024654137603,3.943550043245353e-06,0.00288757026728583,0.002548419979612668,1281,0.0019858373657591784,1.3629446949015689,1.338036727975654,1.5174710027743574,1.9916093863598106,1.485613621842359,1.4749269060691779
MSFT,10:10,276568.0,332609.48666795704,0.0014461485275020862,4.305904655686539e-06,0.0027998707058552318,0.002456789409792375,1281,0.002075067385818239,1.2960137265456784,1.3055507887174003,1.503380660227365,2.174609180812714,1.4404934512383856,1.5412000861812296
MSFT,10:15,270324.0,319446.58308492036,0.0013396126550944312,3.5695314597005976e-06,0.002621549500333041,0.002269493936725208,1281,0.0018893203697892525,1.2667539795447555,1.2538840749179825,1.3926285713843414,1.802718941584899,1.3487497402754223,1.4032415220072296
MSFT,10:20,251242.0,301475.47396006243,0.0012526336526235923,3.194692518835878e-06,0.0025280807419462707,0.0022161387042105006,1281,0.0017873702802821462,1.1773346181944018,1.1833443079163666,1.3022073264888452,1.6134141921046603,1.3006614003138817,1.3275208549058195
MSFT,10:25,241276.0,283791.2508820211,0.0011672683035056507,2.4368147053946356e-06,0.002372379226650304,0.002065246963963245,1281,0.0015610300142516913,1.1306333628114427,1.1139306191527636,1.2134635961756493,1.2306634851499527,1.2205551966014412,1.1594127539851031
MSFT,10:30,248401.0,289737.44135998044,0.0012838559273468074,2.8761124697724772e-06,0.002462108589618847,0.002170873500625414,1281,0.0016959105134919346,1.1640215270301446,1.1372704635634963,1.3346652401087307,1.452521846612961,1.2667196710786643,1.2595915908141828
MSFT,10:35,233096.0,275041.2370863482,0.0012079459805434277,2.752010588036602e-06,0.0023376491085135586,0.002072002072002028,1281,0.0016589184995160558,1.092301407259305,1.0795852746267578,1.2557511149184157,1.3898467265258119,1.2026870473215139,1.23211677456615
MSFT,10:40,221954.0,262983.51439386886,0.0011536091323255592,2.480147831208808e-06,0.0022349592296348627,0.0019659917911219716,1281,0.001574848510558653,1.040089347508459,1.0322565903820502,1.1992638556950816,1.2525479950878038,1.1498545726919254,1.1696760677669766
MSFT,10:45,215533.0,256129.67395072756,0.001123932894627647,2.3555781393139303e-06,0.002200543629331847,0.0019308260577569172,1281,0.0015347892817302088,1.0100001682174715,1.0053540600726272,1.1684131643761104,1.1896366170367678,1.132148238341108,1.1399231607796179
MSFT,10:50,208055.0,250653.95110172595,0.001161450893970701,2.500971376602235e-06,0.002166382143177002,0.0018578111004213325,1281,0.0015814459765044885,0.9749578254767765,0.9838608839280495,1.2074159594210951,1.263064501283503,1.114572642086711,1.1745761568695239
MSFT,10:55,208503.0,245290.85781576502,0.0010646045874036648,1.983189733237642e-06,0.0020490125085638926,0.0017849226533517889,1281,0.0014082576941872684,0.9770571795216857,0.9628097986460439,1.1067369063788604,1.0015694600893286,1.0541876429934107,1.045945251937428
MSFT,11:00,214511.0,250068.14894166274,0.00113831281204879,2.3511619864735134e-06,0.0022018438132540927,0.0019168653968062031,1281,0.001533349923035676,1.0052110168025223,0.9815615073234779,1.1833621750312984,1.1874063292625228,1.1328171643816867,1.1388541161022157
MSFT,11:05,197991.0,234106.1919597572,0.0010819625097455532,2.1790287616549562e-06,0.0020830310526850043,0.0017837386258438069,1281,0.0014761533665764396,0.9277973363964934,0.9189080161799628,1.1247817781567253,1.1004739605861775,1.0716896976149497,1.096372923276044
MSFT,11:10,195338.0,231108.91629077125,0.0010396172283435284,2.0420933108053826e-06,0.001978196925071982,0.001733298164964906,1281,0.0014290183031736797,0.9153652241617964,0.9071431815300283,1.0807606586790113,1.031317508595781,1.017754037665709,1.0613646318465846
MSFT,11:15,191986.0,226193.8299247962,0.0009541885918513628,1.7187948486338232e-06,0.0018952549181415757,0.001645612506655067,1281,0.0013110281646989217,0.8996575572900647,0.8878506022774142,0.9919511363585384,0.8680422249565035,0.9750815608381321,0.9737306529075698
MSFT,11:20,186522.0,215223.86558411238,0.0009621764152156802,1.6996712150495475e-06,0.0018593177969188084,0.0016258872982511663,1281,0.0013037143916707935,0.8740529356351893,0.8447915610556616,1.0002550822775442,0.8583842244924329,0.9565924257257507,0.9682985461247742
MSFT,11:25,182265.0,216736.64188522092,0.0009383417423388594,1.6043123982869194e-06,0.0018145137867264104,0.0016020506247997033,1281,0.0012666145421109452,0.8541043861504153,0.8507294743510718,0.9754771389581596,0.8102252021765091,0.9335414029994519,0.9407436379180691
MSFT,11:30,185254.0,221250.7377094184,0.0009715925735417327,1.7829820153358257e-06,0.001889466818460643,0.0016532204734823436,1281,0.0013352834962418376,0.8681110139187943,0.8684480951356627,1.0100438903092321,0.900458642216508,0.9721036662989085,0.9917456433217513
MSFT,11:35,170377.0,205615.99140657613,0.0008985055349688791,1.6131928142603157e-06,0.0017913663195783928,0.0015159477705461455,1281,0.001270115275973136,0.7983965270301446,0.8070789635105945,0.9340643915135518,0.8147100748454105,0.92163236206776,0.9433437131575432
MSFT,11:40,169449.0,202287.52632281889,0.0009472055762193765,1.7358805815000935e-06,0.001800527084133198,0.001560132950460121,1281,0.0013175282089959567,0.7940478650799755,0.7940141521041307,0.9846917639970239,0.8766710252953213,0.9263454444690071,0.9785583847196727
MSFT,11:45,159807.0,192216.54082294222,0.0008601426503974865,1.5202524676879872e-06,0.0016717521751668835,0.0014450559959198563,1281,0.001232985185510348,0.7488648925330668,0.7544837610914076,0.8941832744371572,0.7677724514920488,0.860092594770673,0.9157663443394212
MSFT,11:50,160015.0,190412.68995714205,0.0008525801156312614,1.2816424477726546e-06,0.0016642220105640049,0.0014826140338684327,1281,0.0011320964834203198,0.749839592625346,0.7474033288879659,0.8863214481491769,0.6472673355098523,0.8562184327336512,0.8408339939885185
MSFT,11:55,155348.0,187376.91933635986,0.0008393842524796365,1.3150643043613822e-06,0.0016076013703002377,0.0013888073861079739,1281,0.001146762531809172,0.7279697593048293,0.7354873947754675,0.8726033513701231,0.6641463614032077,0.8270879227660605,0.8517268041185974
MSFT,12:00,158257.0,191072.20041203668,0.0008791154780816656,1.5226142833775138e-06,0.0017109134659363111,0.0014721163837892923,1281,0.0012339425770178747,0.7416015024223317,0.7499920235255745,0.9139069623348929,0.7689652382563933,0.8802405190221151,0.9164774209454117
MSFT,12:05,156340.0,188404.933210605,0.0008678564222783452,1.4823999524442866e-06,0.0016658433962173068,0.0014158850980925195,1281,0.0012175384808885041,0.7326183289756998,0.7395225302064452,0.9022023231327428,0.7486558119591467,0.8570526124729616,0.9042937229406639
MSFT,12:10,148473.0,184529.93122310302,0.0007831953381811379,1.2384755161505677e-06,0.0015593533144378105,0.0013178428992543624,1281,0.001112868148591992,0.6957531096201169,0.7243124652388302,0.8141907295203845,0.6254667585535244,0.8022649877785748,0.8265526692001889
MSFT,12:15,149386.0,176576.94256773457,0.0008017239202565339,1.2637681886511234e-06,0.0015789341795200014,0.001353027398804877,1281,0.0011241744476063861,0.7000314806982467,0.6930955846991534,0.8334525905421568,0.6382403060946573,0.812339062935507,0.8349501164997155
MSFT,12:20,143074.0,172711.24816343872,0.0008077840850314558,1.2163308379317575e-06,0.0015402487160288169,0.001359116812513396,1281,0.0011028738993791437,0.6704530817440788,0.6779220536341567,0.8397525897103927,0.6142830412138541,0.7924359450162989,0.8191297113466613
MSFT,12:25,141756.0,169026.2667603302,0.0007474579057004078,1.0798765682355852e-06,0.001466102301144,0.0012660008440005535,1281,0.001039171096709096,0.6642768571208859,0.6634578529120648,0.7770389682621458,0.5453695999349092,0.7542886745544801,0.7718161804049423
MSFT,12:30,141510.0,170755.87357711708,0.0007621422339886021,1.134374928416942e-06,0.001496388908253453,0.0012668713151098325,1281,0.0010650703866021917,0.6631240868194402,0.6702468641529898,0.7923044370138465,0.572892883394775,0.7698707009352558,0.7910521763480485
MSFT,12:35,133636.0,162506.3593833263,0.0007885930105723054,1.180184223452696e-06,0.0014782032708792862,0.0012476370510396374,1281,0.0010863628415279565,0.6262260650569056,0.6378660686737835,0.8198020178001166,0.5960279320122008,0.7605144504879403,0.8068665704206819
MSFT,12:40,130327.0,163458.25138156753,0.0007149800971394722,9.92555100936443e-07,0.0014203948606204358,0.001199239103465472,1281,0.0009962705962420265,0.6107198986850201,0.6416024123407285,0.7432758323542356,0.5012696767701043,0.7307728498382274,0.7399529958794944
MSFT,12:45,131201.0,158057.48823547695,0.0007277403641803762,1.1625041549552259e-06,0.001432438447891559,0.001197556983753189,1281,0.001078194859455018,0.6148155134958475,0.6204034662262017,0.7565410940640872,0.5870989746045581,0.736969103314215,0.8008000230108127
MSFT,12:50,127034.0,155387.39924765105,0.0007340009026772871,1.0228893381147595e-06,0.001426641626744415,0.001195350088157001,1281,0.0010113799177928933,0.5952887092433098,0.6099228968987196,0.7630493968558634,0.5165893635573632,0.7339867217053075,0.7511750351421632
MSFT,12:55,128670.0,154946.45958006947,0.0007079224918931056,9.60249714488829e-07,0.0013791717569594968,0.0011747660257665792,1281,0.000979923320718937,0.6029551003537373,0.6081921310791547,0.7359389184528442,0.4849545013130938,0.7095641523297597,0.7278114998407625
MSFT,13:00,140498.0,168171.88708917485,0.0008167737165661408,1.2768855136522472e-06,0.0015945663735133068,0.0013325005205081057,1281,0.0011299935900934337,0.6583817959858506,0.6601042622952868,0.8490979909155921,0.6448649431119857,0.8203816032673708,0.8392721269384281
MSFT,13:05,131225.0,159281.19729071195,0.0007620689486967914,1.0992157121617075e-06,0.00146617544699369,0.0012128395606212984,1281,0.0010484348869442047,0.6149279788911105,0.6252067396933159,0.7922282514158308,0.5551364394944578,0.7543263070484533,0.7786966096412605
MSFT,13:10,129577.0,156300.81948103904,0.0007214084599068064,1.0338275948827865e-06,0.0014143499212718404,0.0011989380834118402,1281,0.001016773128521199,0.6072053550830514,0.6135082321159336,0.7499586011553274,0.5221135066798601,0.7276628149617687,0.7551806963057791
MSFT,13:15,128860.0,156652.9467044871,0.0007318392478635316,1.3117426587314405e-06,0.001443753701664241,0.001193100765140655,1281,0.0011453133452166882,0.6038454513995694,0.6148903934574724,0.7608021933499408,0.6624688321358705,0.7427906396175029,0.850650460036235
MSFT,13:20,127830.0,157289.78603898047,0.000741979749971895,1.1657960490550856e-06,0.0014437790240943288,0.0011991895132945475,1281,0.0010797203568772267,0.5990188115195325,0.6173900999564157,0.7713440114722057,0.5887614784694228,0.7428036676457739,0.801933044894654
MSFT,13:25,125856.0,152899.94759638017,0.0007458541022520285,1.1124484027578624e-06,0.001401397358347992,0.0011480668580110586,1281,0.0010547266957642925,0.5897685327591511,0.6001592112692262,0.775371693399816,0.5618193395487472,0.7209989065071611,0.7833696801940665
MSFT,13:30,133812.0,160464.62584224122,0.0007742062425624398,1.2554995651544383e-06,0.001474844544786913,0.0012582038290201234,1281,0.0011204907697765468,0.6270508112888342,0.6298519050922876,0.8048458854403453,0.6340644067177799,0.7587864339297296,0.8322141645843161
MSFT,13:35,127746.0,157506.184099452,0.0007293265079410043,1.0741227687997713e-06,0.001412477378069331,0.0011926635077200932,1281,0.0010363989428785478,0.598625182636112,0.6182395004391131,0.7581900103466958,0.542463761074508,0.7266994182539368,0.7697572382463657
MSFT,13:40,129295.0,152964.33185354958,0.0006937518158053378,9.131027389773745e-07,0.0013725147515688384,0.0011653138310696457,1281,0.0009555640946463897,0.6058838866887112,0.6004119308130089,0.721207429973238,0.4611438844989567,0.7061392182247497,0.7097193445792531
MSFT,13:45,131614.0,156061.1073441413,0.0007331930476006399,1.1084178136673e-06,0.0014132539299047879,0.001185712168371173,1281,0.0010528142351180954,0.6167508555059982,0.6125673197789852,0.7622095704650045,0.559783772869665,0.727098943071702,0.7819492518586392
MSFT,13:50,126278.0,152208.72104096174,0.0007078013992792554,9.158933197407011e-07,0.0013444851993835698,0.001134835238735633,1281,0.000957023155279276,0.5917460492925254,0.5974460253536669,0.7358130335314155,0.46255321030456076,0.691718414335632,0.7108030223376317
MSFT,13:55,126306.0,155408.7865250125,0.0006782573268942718,9.210163537392441e-07,0.0013276938878729462,0.0011224108023538007,1281,0.0009596959694295084,0.5918772589203323,0.610006845727442,0.7050997380411792,0.46514049396680685,0.6830795246118406,0.7127881826398165
MSFT,14:00,145502.0,185964.5332933739,0.0008802460839522641,2.3248514828587164e-06,0.0017426446058962522,0.0013021660420505145,1281,0.0015247463667307807,0.6818308308981852,0.7299435309161827,0.9150823125619773,1.174118746910465,0.8965657369034393,1.132464057731489
MSFT,14:05,140513.0,173567.42313024044,0.0007544343748107229,1.192891330098063e-06,0.0015464895055891676,0.0012476109577404183,1281,0.0010921956464379737,0.6584520868578899,0.6812826911023957,0.7842915350197511,0.6024453966293257,0.795646742026833,0.8111987282539331
MSFT,14:10,136322.0,164593.28219034427,0.0007474597456454527,1.1732146407674362e-06,0.0014736542016038688,0.00121312952757278,1281,0.0010831503315641075,0.6388128172100892,0.6460576080793164,0.7770408810240398,0.592508086658964,0.7581740193791877,0.8044805656735686
MSFT,14:15,137783.0,165133.9932122865,0.0007047171998470587,1.081473123708125e-06,0.0014249130334631284,0.0011972919433135697,1281,0.0010399389999938098,0.6456591481467241,0.6481799940287876,0.7326067751904015,0.5461759076602037,0.7330973851740382,0.7723865197667713
MSFT,14:20,134219.0,164247.18674045123,0.0007348069982639055,1.1686267831787028e-06,0.001417075563044579,0.0011564871702204307,1281,0.0010810304265739714,0.6289580369501693,0.6446991225108322,0.7638873941238963,0.5901910829093466,0.7290651186880946,0.8029060636714539
MSFT,14:25,137343.0,165903.0575236651,0.0007335411173794009,1.1394699736477916e-06,0.0014196299804364477,0.0011697197086735216,1281,0.0010674595887656786,0.6435972825669025,0.6511987068392766,0.762571415298953,0.5754660319016814,0.7303793299182851,0.7928266915302715
MSFT,14:30,146695.0,178861.4395887385,0.0007794171288078361,1.4823952022240118e-06,0.0015228599542069328,0.0012218649517684742,1281,0.0012175365301394499,0.6874212982543834,0.702062637676123,0.8102629954086451,0.7486534129574394,0.7834896756485079,0.9042922740746506
MSFT,14:35,140439.0,174276.6228553747,0.0007330908732647586,1.3539845797907575e-06,0.0014798377104973262,0.0011659100288898012,1281,0.0011636084306117576,0.658105318555829,0.6840664248731391,0.7621033525229229,0.6838022514045585,0.7613553463054892,0.8642386390902157
MSFT,14:40,144709.0,178532.77506106714,0.0007740236484494198,1.5646380605892734e-06,0.0014733636974119356,0.0011683949174820841,1281,0.0012508549318723068,0.6781147867963704,0.7007725715459494,0.804656065063693,0.790188488431344,0.7580245591254832,0.9290386143492106
MSFT,14:45,143954.0,175260.13360531148,0.0007498334495282142,1.2762012292484926e-06,0.0014758042950449364,0.0011732815471132906,1281,0.0011296907670900443,0.674576812903722,0.6879268777067463,0.7795085255588748,0.6445193592531498,0.7592802117169023,0.8390472133562905
MSFT,14:50,141589.0,173436.59330321313,0.0007308131851849565,1.1607434151271274e-06,0.0014611319979284528,0.0011809544258951038,1281,0.0010773780279582127,0.6634942854121809,0.6807691609996486,0.7597355236698801,0.586209748924619,0.7517315246054871,0.800193343544943
MSFT,14:55,152472.0,181073.37214268462,0.0007208259278975382,1.0477401765133646e-06,0.001399307458150985,0.0011684583027309298,1281,0.001023591801702888,0.7144926561058137,0.71074486234543,0.7493530151176264,0.5291397718115569,0.7199236827329938,0.7602450810901398
MSFT,15:00,165379.0,202956.6545904317,0.0008444132177191437,1.7808196216669358e-06,0.001638324201628577,0.0012812299807815988,1281,0.0013344735372673884,0.7749756084666257,0.7966405983498059,0.8778313407074908,0.8993665694696837,0.8428943802711959,0.9911440682356815
MSFT,15:05,167633.0,198938.82157342543,0.00074888136263662,1.1644722560619365e-06,0.0014962209133549571,0.0012175324675325137,1281,0.001079107156894966,0.7855379835050754,0.7808698964469949,0.7785187592987307,0.5880929238620662,0.769784269961633,0.8014776072197305
MSFT,15:10,174421.0,209914.88708897893,0.000760251993812238,1.2290503535991966e-06,0.0015101618221164284,0.0012138026703657563,1281,0.0011086254343100723,0.8173469461319595,0.8239528858541796,0.7903393895306262,0.6207067727540719,0.7769566682203152,0.8234015081045899
MSFT,15:15,181741.0,218212.8348420554,0.0007113877421143808,1.0244131426913376e-06,0.0015149803742161702,0.001222707423580791,1281,0.0010121329669027374,0.8516488916871733,0.8565237915799676,0.7395413078799606,0.517358929928884,0.7794357443896588,0.7517343419680148
MSFT,15:20,179519.0,213872.46187615377,0.0007560229810281188,1.12503531755167e-06,0.0015122208536700534,0.001293176790879685,1281,0.001060676820502678,0.8412364705090742,0.8394870635968674,0.7859430112122243,0.5681761037266473,0.7780160105187602,0.7877889741515842
MSFT,15:25,183918.0,220394.92506230212,0.0007254808139595731,1.2168149770171011e-06,0.0014532564710482531,0.0011605914718018477,1281,0.0011030933673162491,0.8618504402491541,0.8650888798359728,0.7541921208859065,0.6145275457684054,0.7476796786140794,0.8192927152114479
MSFT,15:30,215605.0,258913.0192512022,0.0008483023698912711,1.6147997371461483e-06,0.0016507370507378653,0.0013595352861204087,1281,0.0012707477079051325,1.0103375644032606,1.0162791803652276,0.8818744082410566,0.8155216184209921,0.8492806136839557,0.9438134348421295
MSFT,15:35,219313.0,256075.3605153388,0.0008252709256167384,1.4263577467812522e-06,0.001613484289541819,0.0013249244793046796,1281,0.0011943022007771954,1.0277134679713935,1.0051408702772304,0.8579314817428744,0.7203528408780563,0.8301146006136984,0.8870356053706848
MSFT,15:40,238573.0,283505.49039962527,0.0008667355303232218,1.4051825681415252e-06,0.001651286119665666,0.0013821159412730401,1281,0.0011854039683338018,1.1179669476699479,1.11280895895325,0.9010370712547441,0.7096587494948466,0.8495631017978251,0.8804266842810157
MSFT,15:45,285613.0,329206.8831820523,0.0008644967830403549,1.4559311097006362e-06,0.0017586161583163717,0.001485216910748653,1281,0.0012066197038423647,1.33839912238542,1.2921949710309666,0.8987097243023447,0.7352882636647796,0.9047828722944341,0.8961840970848904
MSFT,15:50,545062.0,617190.6576281412,0.0015817525454134796,4.657338877584654e-06,0.003044933713824968,0.002586021820168996,1281,0.0021580868558945107,2.5541922197016302,2.422581983236792,1.6443512826082116,2.352093855115044,1.566574865420458,1.6028605485405363
MSFT,15:55,1111084.0,1236860.2825722466,0.0013724428799982342,3.462099089174244e-06,0.0027829486129769955,0.0024233896185115876,1281,0.00186067167688828,5.206604217932944,4.854894349593392,1.4267580707079999,1.7484624175918397,1.4317872763706068,1.3819634814627546
NVDA,09:30,2196418.0,4796607.672674627,,,0.012109292498878039,0.010891906948152907,1281,,3.3602391590597684,4.0380415935157865,,,3.2042545059478873,
NVDA,09:35,1499719.0,2868710.2678068914,0.0046562994086857355,3.902471651804519e-05,0.008995958558153248,0.00803739850734031,1281,0.006246976590163052,2.2943786252825995,2.4150341599004954,2.479663770481722,5.136918611032766,2.380431453609181,2.388040752221571
NVDA,09:40,1369074.0,2550436.2943755905,0.00419615872794365,3.059376175344654e-05,0.007991437056607029,0.0070571291406625,1281,0.005531162784934695,2.0945084526035544,2.1470940591975145,2.2346206417618277,4.027131473462763,2.114623806469661,2.1144055763542813
NVDA,09:45,1317373.0,2373004.805925174,0.0038274650384907583,2.537842180193777e-05,0.007417031912905919,0.006856670797191229,1281,0.005037700050810664,2.015412522428811,1.9977227161035556,2.0382766561417918,3.340623556169374,1.962629767997599,1.925768865173632
NVDA,09:50,1179896.0,2122225.8954324136,0.0033800522949043294,1.984648408192821e-05,0.006677135782101433,0.005988967691095279,1281,0.004454939290487381,1.8050902618800175,1.7866035793196051,1.8000116578357144,2.61244110247106,1.7668449596544735,1.7029960687077335
NVDA,09:55,1086115.0,1921099.0577182577,0.003008430074902805,1.6298579925037966e-05,0.006003555291479767,0.005354628325798537,1281,0.004037149975544377,1.6616173033740391,1.6172842203716604,1.6021081137627473,2.1454218254633064,1.5886080129135276,1.5432871446343386
NVDA,10:00,1140815.0,2023952.3037433035,0.003273468231695007,1.9083292064086745e-05,0.006533782368085823,0.005728879072335617,1281,0.004368442750464603,1.74530132071526,1.703871599165069,1.743251424686212,2.511980275845231,1.7289120397216955,1.6699309115842347
NVDA,10:05,993789.0,1836369.992790469,0.002880858764924947,1.4794461647849928e-05,0.005731314702627735,0.005139289145052801,1281,0.0038463569319357152,1.5203703091318903,1.5459547492733225,1.534171340857872,1.9474310683053653,1.5165701020602012,1.4703524126400922
NVDA,10:10,973071.0,1769447.190031391,0.0028997273476043584,1.6738869301968793e-05,0.005642969885924126,0.004917269104021848,1281,0.004091316328758849,1.4886744138617731,1.4896155446651786,1.5442196081113047,2.2033781899522102,1.4931930734661767,1.563993394611179
NVDA,10:15,919920.0,1646565.0954410576,0.002621166786309955,1.2741657473291392e-05,0.005250041497704176,0.004575163398692702,1281,0.003569545835717955,1.4073601687849318,1.3861668069497963,1.3958750814603114,1.6772154483092685,1.389219818332958,1.3645354355961805
NVDA,10:20,887281.0,1583927.3791558146,0.0027210921092529323,1.4399822909861361e-05,0.0051797180956368325,0.004543761638733596,1281,0.0037947098584557633,1.357426665274875,1.3334350179557604,1.4490892718092359,1.8954838087558807,1.3706114580205164,1.4506092113613618
NVDA,10:25,837441.0,1535864.37758675,0.0025063769354521787,1.1055104535919017e-05,0.004900194133456768,0.0042537061994609975,1281,0.0033249217338035216,1.2811778275365489,1.2929730054900053,1.3347449415341572,1.4552103718989375,1.2966462849586828,1.2710226272934968
NVDA,10:30,851277.0,1529747.9461993931,0.0024719794124786957,1.0796795472342532e-05,0.004926097559171626,0.004244407109381817,1281,0.0032858477555027608,1.3023451413196043,1.2878238655078602,1.3164268988085215,1.4212085198811035,1.3035006217065983,1.2560857612452758
NVDA,10:35,794123.0,1451883.9922228584,0.00241741763286415,1.0449134157586808e-05,0.004682586224343382,0.004041733424887519,1281,0.0032325120506483513,1.2149068172406257,1.2222738130022057,1.2873705911512383,1.3754450131230471,1.2390647934412329,1.2356970444152249
NVDA,10:40,758855.0,1396866.7632185076,0.0023448368050818023,9.99978290488519e-06,0.0045307855843372035,0.00395760960379933,1281,0.003162243334230494,1.160951279332213,1.175957358907958,1.248718426999651,1.3162958118258008,1.1988966428419605,1.2088353208293894
NVDA,10:45,745381.0,1382465.6376728513,0.002321096780506753,1.0703745504594742e-05,0.004443903246349945,0.003792277973975546,1281,0.0032716579137487376,1.140337779338509,1.1638337190534653,1.2360759240842916,1.4089601256907551,1.1759066025065112,1.2506613899694907
NVDA,10:50,730105.0,1327494.6082779467,0.002338478669102966,1.018155956455068e-05,0.004396639862056813,0.0038550501156515275,1281,0.0031908556163748117,1.1169674493768182,1.1175561582682556,1.245332467882609,1.3402235168651249,1.1634001813343704,1.2197729791971645
NVDA,10:55,667289.0,1257949.657673084,0.0021153265904800965,8.090842147559144e-06,0.004025493457178612,0.0034969737726967096,1281,0.002844440568470212,1.0208669880732328,1.059009488970859,1.1264951517863484,1.0650172843025378,1.0651906831074902,1.0873483991400494
NVDA,11:00,720510.0,1305932.6529467811,0.0021870669511629076,9.16203586832044e-06,0.004270392250811083,0.0036761284318287206,1281,0.0030268855063117998,1.1022883242143133,1.0994041478462262,1.1646997339347005,1.2060211262562828,1.1299936485219235,1.1570918887007924
NVDA,11:05,683699.0,1221899.9022926537,0.0021028028162731727,8.457953594197516e-06,0.004040416478250771,0.0034438346959346456,1281,0.002908256108769913,1.045972193275599,1.0286608714486183,1.1198257462252124,1.1133410593564272,1.0691394817278268,1.1117432577826598
NVDA,11:10,643840.0,1172151.0342300003,0.0020563544782802624,7.894714015445077e-06,0.0039033878390839854,0.0033815124038662817,1281,0.002809753372708195,0.9849930114254396,0.9867796061511156,1.0950901674294713,1.0392004599435967,1.0328801681027937,1.0740884747807327
NVDA,11:15,652742.0,1139387.0256774062,0.0018888902481542964,6.992437095848339e-06,0.003797287057520335,0.0032680579501300497,1281,0.0026443216702678853,0.9986119350519762,0.9591971065317734,1.0059088352495933,0.9204315484913228,1.0048047122129125,1.0108486592579822
NVDA,11:20,601308.0,1100163.615394731,0.001914614707636911,6.8505558774179185e-06,0.0036991179665338747,0.003184713375796229,1281,0.0026173566584281015,0.9199244807936883,0.9261767361013813,1.019608128313797,0.9017553776811078,0.978828070541459,1.0005407052856654
NVDA,11:25,595403.0,1087586.7876730042,0.0018346210216610096,6.365545276357879e-06,0.0035616221262145956,0.0031042754338930275,1281,0.00252300322559403,0.9108905845889368,0.9155888879969527,0.9770083237110853,0.8379122493913368,0.9424451302554794,0.9644720824138319
NVDA,11:30,606867.0,1077553.8233424602,0.00182546917727968,6.207618424218571e-06,0.0036455794918513204,0.003147699757869254,1281,0.0024915092663320704,0.9284290411666288,0.907142600529292,0.972134604271322,0.8171239526829904,0.9646611901263527,0.9524328411775521
NVDA,11:35,567061.0,1047317.4769914672,0.0018095791141772312,6.385498889562345e-06,0.0035093426109085385,0.0030271982116244676,1281,0.002526954469230173,0.867530942550822,0.8816880225164153,0.9636725166073906,0.8405387921614802,0.9286113846007498,0.9659825300181857
NVDA,11:40,555753.0,1046882.9455765702,0.0017969530313284277,6.591191074850454e-06,0.003454587467210827,0.002957466257998663,1281,0.002567331508561069,0.8502311460591488,0.8813222106662949,0.9569486276442203,0.8676145561650932,0.9141225599288317,0.9814175190860279
NVDA,11:45,535234.0,991086.636371749,0.001687539330442773,5.414898555826079e-06,0.0033126544874980727,0.0028578949347572327,1281,0.0023269934584837317,0.8188396953859403,0.834349885075175,0.898681500411296,0.7127763030748794,0.8765655028316197,0.8895431460016283
NVDA,11:50,527087.0,975808.2755077824,0.00167080104093135,5.135814151562357e-06,0.0032821498448942763,0.002839357868297585,1281,0.002266233472430049,0.8063758253808411,0.8214877414812964,0.8897676986046753,0.6760397422942679,0.8684936325283299,0.8663163384882002
NVDA,11:55,522659.0,946599.141011738,0.001604168996604755,4.802583397455463e-06,0.0031592566150501116,0.002717716434492833,1281,0.002191479727822154,0.7996015506315372,0.7968979254999833,0.8542834971459841,0.6321757654285127,0.8359747066278167,0.8377401167066237
NVDA,12:00,517251.0,973185.6370689953,0.001733959172728438,5.624838246119685e-06,0.003381892503428369,0.0029797498631748067,1281,0.0023716741441689843,0.791328000982884,0.8192798637845429,0.9234019041148303,0.7404111765214297,0.8948866578081057,0.9066232961692475
NVDA,12:05,514455.0,923650.2130208071,0.0016487501010644576,5.239791891859933e-06,0.003198849882154243,0.002710733461919313,1281,0.0022890591717690334,0.7870504779027003,0.7775782871059795,0.878024700164539,0.6897265858366358,0.8464515288315388,0.8750419514999866
NVDA,12:10,495213.0,898575.5957042763,0.0015235773661152934,4.225902708204537e-06,0.0030701066714687573,0.002697561819125124,1281,0.002055700053073049,0.7576126742156845,0.7564691294313884,0.8113652634181461,0.5562658798597994,0.8123846324387572,0.7858354245816624
NVDA,12:15,493928.0,890069.1649100883,0.00160327637026837,4.901464324795819e-06,0.0031242992735172124,0.0026739169512852725,1281,0.002213925094666895,0.7556467882507215,0.7493079597666321,0.8538081382842272,0.6451917030509161,0.8267246022857894,0.8463203394672159
NVDA,12:20,488935.0,894349.8367649844,0.0015781420917895907,4.952102325119361e-06,0.0030803419788647157,0.0025811780496618657,1281,0.0022253319584096573,0.7480081356257724,0.7529116589177499,0.8404231399688764,0.6518573065324226,0.815093009484427,0.8506808577242635
NVDA,12:25,474586.0,870574.7452980984,0.0014597854342499083,4.133546538301684e-06,0.0029100779555288614,0.002482460874258003,1281,0.0020331125247515652,0.7260559973290782,0.7328965118003717,0.7773935342805042,0.5441088119718548,0.7700392407340828,0.7772008575482915
NVDA,12:30,472066.0,860786.7042396619,0.0015863923822967345,4.9383850291699705e-06,0.0030626343249132958,0.0026459938724352114,1281,0.002222247742527815,0.7222007190164662,0.724656413879049,0.8448167462795771,0.6500516654120602,0.8104073657964196,0.8495018500702112
NVDA,12:35,457125.0,817882.9243317198,0.0014936980420475288,4.1778771868163715e-06,0.0029065188876853114,0.0025143595303452632,1281,0.0020439856131627666,0.6993428962907774,0.6885377109102249,0.7954533404779863,0.549944163352023,0.7690974714956467,0.7813573287393863
NVDA,12:40,430198.0,811309.23864958,0.001415519462758363,3.7842885559067183e-06,0.0028291764230801834,0.002396210643633362,1281,0.0019453247944512294,0.6581480236226411,0.6830036297389838,0.753820152043097,0.4981351319583984,0.7486317885719699,0.7436421152548829
NVDA,12:45,446781.0,813057.1129247806,0.0014492692667651514,3.978393989595614e-06,0.0028646468965475495,0.0024549609094687242,1281,0.001994591183575124,0.6835178967409129,0.6844750840469324,0.7717932587768226,0.523685703590559,0.7580176733746075,0.7624752488907486
NVDA,12:50,425759.0,794727.2369513997,0.0015032329243471316,4.202998584881535e-06,0.0028458654318792576,0.0023754789272030824,1281,0.002050121602462043,0.6513569202775282,0.6690440113731847,0.8005310427730813,0.5532509542468763,0.7530478873365501,0.7837029422198245
NVDA,12:55,417996.0,789144.9479601983,0.00139537725787613,4.02756574225203e-06,0.002711447753683463,0.0022151304674301927,1281,0.0020068796033275217,0.6394805212533985,0.6643445411075819,0.7430936305460203,0.5301583013156711,0.7174794632458913,0.767172760835221
NVDA,13:00,459709.0,845074.1928299882,0.0015893661585299238,5.250331137242329e-06,0.003145959077298861,0.0026260059296908285,1281,0.002291360106408927,0.7032960864335509,0.7114287790711609,0.846400399850738,0.6911138924100491,0.8324560291112397,0.8759215331038166
NVDA,13:05,438852.0,802907.703613986,0.0015183560993559963,4.448325242665478e-06,0.002851410552892607,0.002445187056809823,1281,0.0021091053180591715,0.6713875389073015,0.6759307669496468,0.8085847321673209,0.5855439005279869,0.7545151885017254,0.806250732263602
NVDA,13:10,435723.0,788495.6596558767,0.001406026352627363,3.895648316309306e-06,0.0027595038691167924,0.0023544694324917287,1281,0.001973739677948768,0.6666005683358084,0.6637979353899681,0.7487646950814757,0.5127936888108918,0.7301956499619909,0.7545043137572113
NVDA,13:15,428960.0,780708.5311801765,0.0014414288523825337,4.37944198247236e-06,0.0027805176176046924,0.0023638448756055676,1281,0.0020927116338550706,0.6562540416579532,0.6572423129949861,0.7676179277287644,0.5764766289922405,0.7357561233162722,0.7999838949554406
NVDA,13:20,435750.0,767633.8628852748,0.0014371519948989384,4.480019562192855e-06,0.0027943330202027253,0.0023810554569462373,1281,0.0021166056699803235,0.6666418748891577,0.6462353559955625,0.7653403318048849,0.5897159011053368,0.7394118336751005,0.8091179026115618
NVDA,13:25,417665.0,767781.7736564816,0.0014432948989269152,4.087772105263757e-06,0.0027330588102785812,0.0023454198112315516,1281,0.002021823955062299,0.6389741335067816,0.6463598752156072,0.7686116713874097,0.5380834117137062,0.7231979910194685,0.7728855597297098
NVDA,13:30,440136.0,786088.8548871295,0.0014861708160717035,4.9931714468488616e-06,0.00286438512829522,0.0023755656108597114,1281,0.0022345405449104884,0.6733518949999182,0.6617717580523803,0.7914447946551671,0.6572633351874543,0.7579484065613631,0.8542010373690808
NVDA,13:35,422009.0,773206.2503622357,0.0013972382851221606,3.891014767120458e-06,0.002754892722660003,0.0023044344793224,1281,0.0019725655292335558,0.6456198989789984,0.6509264906354334,0.7440847012295878,0.5121837634305928,0.7289754889316813,0.7540554702341684
NVDA,13:40,422798.0,761433.6515511194,0.0013358426995819248,3.3085390781237492e-06,0.002661381252979638,0.0022941626306397997,1281,0.0018189389979116257,0.6468269682602091,0.641015685560864,0.71138912137756,0.4355110679121576,0.7042313060565148,0.6953284345034907
NVDA,13:45,421775.0,758624.9579626097,0.0013599898465684154,4.046061627026182e-06,0.0026834290984433426,0.002214868975823195,1281,0.0020114824451200617,0.6452619088499701,0.6386511766604479,0.7242484330943292,0.5325929597373389,0.7100654130598814,0.7689322958067338
NVDA,13:50,431955.0,754113.1710919157,0.0013367920914067156,3.4091825298689562e-06,0.002612736320202344,0.002195196909162752,1281,0.0018463971755472753,0.6608360093350456,0.6348529124937266,0.7118947101091467,0.4487590109205193,0.6913593116722336,0.7058249116759718
NVDA,13:55,420617.0,753041.5276669422,0.0013529829908259692,3.6123327678440057e-06,0.0025984248837492008,0.0022061662346258104,1281,0.001900613787134042,0.6434903166729842,0.6339507455835344,0.7205170050213996,0.47550017219986435,0.6875723451962137,0.7265503739932858
NVDA,14:00,504380.0,883072.120150309,0.0016739199529204503,6.8663302657614485e-06,0.003282548470818709,0.002606621928900221,1281,0.002620368345435704,0.7716370140139837,0.7434174722179756,0.8914286427115483,0.9038317988902681,0.8685991134153981,1.0016919872223413
NVDA,14:05,479058.0,835428.8292897127,0.001547121680243482,4.929403888941901e-06,0.00300597912788861,0.0024522553317974593,1281,0.0022202260896003138,0.7328975864616182,0.7033087947367959,0.8239035427726923,0.648869456020109,0.7954157657199878,0.8487290298894339
NVDA,14:10,443440.0,794514.993837989,0.0014229396054537893,4.494713091920476e-06,0.002812718769473346,0.002247288503253725,1281,0.002120073841148104,0.6784065932320095,0.6688653337371604,0.75777167177985,0.5916500462588238,0.7442769089840893,0.8104436854066152
NVDA,14:15,457396.0,787296.1848350476,0.001355124936961312,3.668100618611619e-06,0.002748163578497817,0.002321532211259382,1281,0.0019152286074021606,0.6997574916966178,0.6627881531548115,0.72165767613465,0.48284103040630344,0.7271948819717903,0.7321372024186746
NVDA,14:20,453145.0,774352.3946121592,0.001447004337215707,4.556835108368332e-06,0.0027863636127075323,0.0022764227642276054,1281,0.0021346744736301907,0.6932540043526044,0.6518913763357432,0.7705870941268488,0.5998273187906643,0.7373030391374699,0.816025090246572
NVDA,14:25,444295.0,789070.2602277034,0.0014292720411616224,4.496326745013893e-06,0.002742047937162956,0.002257521651684901,1281,0.002120454372301817,0.6797146340880742,0.6642816649686686,0.7611439444851508,0.5918624553509818,0.7255766147356322,0.8105891515996513
NVDA,14:30,468269.0,815560.9269488462,0.0014892540144104643,5.0258756979479974e-06,0.0029772623642804804,0.0023542194856937125,1281,0.0022418464929490596,0.7163917937176615,0.6865829289785081,0.7930867198293888,0.6615682755206751,0.7878169882359923,0.8569938926644239
NVDA,14:35,469928.0,792345.4394727595,0.001427332731789994,5.212921514997953e-06,0.0028251844805169037,0.0022642611934847877,1281,0.00228318232189152,0.7189298519401311,0.6670388865136155,0.7601111854706397,0.6861895725972458,0.7475754758313982,0.8727953996201077
NVDA,14:40,487589.0,799583.2396650062,0.0015335634862427775,5.637920340406026e-06,0.00288048398608973,0.002319139341622197,1281,0.0023744305297072866,0.7459489274476868,0.6731320548976688,0.8166832677203629,0.7421332044977179,0.7622083447562207,0.9076769836449882
NVDA,14:45,490948.0,803217.1560099368,0.0014003699440387474,4.289634917044834e-06,0.0028536430517074303,0.0022739897236495957,1281,0.0020711433839898275,0.7510877686588232,0.6761912805733024,0.7457524335799777,0.5646551059432884,0.7551059327080929,0.7917389689678193
NVDA,14:50,481187.0,792096.1865748767,0.0013687025884606754,3.7791429155974156e-06,0.00277924785879307,0.002277195939167752,1281,0.0019440017787022252,0.7361546846868369,0.6668290520560907,0.7288883130753061,0.4974577987749962,0.7354201309043303,0.7431363641160955
NVDA,14:55,488185.0,814553.1790034996,0.0013878461080128858,3.934307075466335e-06,0.00272435835539171,0.002281523731920971,1281,0.0019835087787721875,0.7468607313660665,0.6857345527099482,0.7390829950978102,0.5178824355619758,0.7208957531490365,0.7582387620206518
NVDA,15:00,556850.0,893553.0128956665,0.0016480460635073244,5.792037298875347e-06,0.0031835462330596503,0.002588597842835229,1281,0.0024066651821296925,0.8519094160230121,0.7522408498488028,0.8776497722936583,0.7624199956104923,0.8424020117707084,0.9199993707241423
NVDA,15:05,561365.0,885013.69058858,0.0014980640227210587,4.97568434982883e-06,0.0029324200867110422,0.0023745918670227723,1281,0.0022306242063218156,0.8588167896664418,0.7450519903444304,0.7977783980287488,0.654961465958152,0.7759512190366645,0.8527039329675732
NVDA,15:10,548957.0,902264.4943254753,0.0014425385756676803,4.1830562078024535e-06,0.002909003994257083,0.002441268044155101,1281,0.002045252113506414,0.8398341335938666,0.7595746421360283,0.7682088993102535,0.5506258905153205,0.7697550585455175,0.781841475652646
NVDA,15:15,551845.0,910499.4181713794,0.0014119895182862204,3.7317997865672244e-06,0.0028994565175406526,0.002385971075589899,1281,0.0019317866824696832,0.8442524049299076,0.766507242690089,0.7519403168668932,0.4912259072375584,0.7672286892062775,0.7384668816593256
NVDA,15:20,562196.0,935795.6417322982,0.0014847691016466194,4.376187880021126e-06,0.0029263384863688164,0.0024310425432445544,1281,0.002091934004700226,0.8600881135861961,0.7878029603865305,0.7906983262322047,0.576048283550289,0.7743419594286605,0.7996866295367085
NVDA,15:25,558974.0,937218.2789892671,0.0013981681930503387,4.4111591373925774e-06,0.002790609750120317,0.0022923286427599813,1281,0.00210027596696067,0.8551588648864993,0.7890006127292167,0.7445799140148923,0.5806516354480423,0.7384266146840222,0.8028755234830703
NVDA,15:30,609677.0,1036665.5823778758,0.001596202152262422,5.123932432154095e-06,0.003072371022705979,0.0025738926772143574,1281,0.0022636104859613316,0.9327279824596604,0.8727206863416299,0.8500408371392199,0.6744757225907256,0.8129838051530665,0.8653136456672145
NVDA,15:35,613340.0,1037366.3383279244,0.0015268725702307956,4.443778066438423e-06,0.0029903150094084067,0.002491299325839183,1281,0.0021080270554332133,0.9383319048640643,0.8733106202837615,0.813120090061448,0.5849453446313001,0.7912708644198876,0.8058385432542113
NVDA,15:40,646416.0,1112193.2625376377,0.0014602963643486977,4.631395579179084e-06,0.002955110172465382,0.0024729215094712893,1281,0.0021520677450254867,0.988933962589443,0.9363039382478284,0.7776656247850051,0.6096418954059234,0.7819552700186211,0.8226740411921898
NVDA,15:45,706593.0,1193667.5967013396,0.0015180787762211461,4.6866102105630174e-06,0.0030571417272038702,0.0025887046976677316,1281,0.0021648580116402595,1.0809970907712096,1.004893402429205,0.8084370466192391,0.6169099319956648,0.8089539628860996,0.8275633948606432
NVDA,15:50,961246.0,1854732.3678862543,0.0022559887862893795,9.627441506439076e-06,0.0043595424703296165,0.003744617112900348,1281,0.0031028118709388545,1.4705836733670758,1.5614131814513237,1.2014033396434376,1.2672836054603458,1.153583795727053,1.1861163696285668
NVDA,15:55,1469020.0,3109213.320303508,0.0020120104650581064,7.660723897916514e-06,0.003978616046992316,0.0032850241545892677,1281,0.002767801275004496,2.2474130741243155,2.617502528302058,1.071475224880968,1.0083997701045195,1.0527863950096907,1.0580513858767386
QQQ,09:30,1508673.0,1637748.0809175754,,,0.0034900138593121784,0.003089871666066376,1279,,3.037423682069111,2.7841659543056765,,,2.132173434061782,
QQQ,09:35,1038148.0,1145371.437335051,0.0014387800143699399,3.7586627130540427e-06,0.002840165366881999,0.0024605127391062963,1279,0.0019387270857586022,2.0901118537235592,1.9471273989072668,1.7537115050914598,2.487248881480675,1.7351579070237881,1.6177608917502788
QQQ,09:40,930496.0,1028059.5034344184,0.0013979091830526378,3.7446368488330535e-06,0.002720124469888267,0.0022884866237956837,1279,0.0019351064179607936,1.873375202227772,1.7476975255308271,1.7038945446194362,2.4779674381167105,1.6618206591248859,1.6147396440417483
QQQ,09:45,905006.0,1005743.2344399906,0.001395598548241468,3.4965101445225065e-06,0.0027038541062792453,0.00231675840407982,1279,0.0018698957576620432,1.8220559768847444,1.7097599470440292,1.7010781398793493,2.3137726393606295,1.6518805160629557,1.5603249423895804
QQQ,09:50,821169.0,908379.2158762752,0.0012635639434168578,2.899875896989011e-06,0.0024780389731248096,0.002174089178167302,1279,0.0017029021983041219,1.6532662595413385,1.544241459299805,1.540142761823989,1.9189572547088454,1.5139220301284895,1.4209780216765422
QQQ,09:55,713152.0,808240.0879588139,0.0011097563085155225,2.3146665012991877e-06,0.002227438085064701,0.0019476905954367812,1279,0.001521402807049858,1.4357947505622164,1.3740052954537438,1.3526685015455695,1.5317021254294212,1.3608210461171077,1.2695267837975708
QQQ,10:00,851398.0,977210.5014801391,0.0013642279438567228,3.54006696109072e-06,0.0027447324974903967,0.0022607934655776126,1279,0.0018815065668476205,1.7141265523186782,1.6612544017677335,1.6628408907643122,2.342595827702028,1.6768545772790848,1.570013522675058
QQQ,10:05,730641.0,821765.4097695284,0.0011671092037157074,2.744594730629496e-06,0.0023474357284134113,0.0020233812949641055,1279,0.0016566818435141662,1.4710054972089097,1.3969982947710269,1.4225752497338353,1.8162018502397652,1.4341318688278708,1.3824096832387702
QQQ,10:10,684036.0,781493.9662332799,0.0011843405033099244,3.766020811383226e-06,0.0023234866830531492,0.0019498456372204606,1279,0.0019406238201627912,1.3771752697820048,1.3285369829668645,1.4435782717693404,2.4921180126680844,1.4195005463326773,1.6193436120638673
QQQ,10:15,651013.0,749180.5901721126,0.0010729757688766575,2.22311817236642e-06,0.0021724897804176594,0.0017985611510790156,1279,0.0014910124655301913,1.3106897939678501,1.273604357768627,1.3078371479794049,1.4711211432762141,1.3272511750111387,1.2441677188943154
QQQ,10:20,619127.0,717455.3868269383,0.001105867488720022,2.9169571689822345e-06,0.00215721744329117,0.001831540388623407,1279,0.0017079101759115538,1.2464934495469877,1.2196716241106083,1.3479284662736846,1.930260576635513,1.3179207617778934,1.4251569029536324
QQQ,10:25,585058.0,690956.2558181102,0.0010601518625424338,2.0724060878471744e-06,0.0020625688803847055,0.0017322790645693178,1279,0.0014395853874804281,1.1779020533833309,1.1746231949699497,1.29220624412063,1.3713892725914063,1.2600965927240027,1.2012546568872708
QQQ,10:30,613901.0,724533.1166127489,0.0010681941762478943,2.1034049102099908e-06,0.002120467700482272,0.0017956380413127876,1279,0.001450312004435594,1.2359719010321715,1.2317037397534418,1.3020089227316454,1.3919023625213314,1.2954690385227947,1.210205427492543
QQQ,10:35,566881.0,672581.1164081352,0.0010212426121827137,2.0516338066606806e-06,0.001996892581714683,0.0016944734098019657,1279,0.0014323525427284585,1.1413061507132558,1.1433855228597127,1.2447802308810685,1.3576434706689646,1.2199726090045433,1.195219246611224
QQQ,10:40,539167.0,631301.3031105137,0.0009698571435603669,1.8787395566395444e-06,0.0019117590781568222,0.0016304814210932612,1279,0.0013706712066135862,1.0855093279923194,1.0732099860219952,1.1821471065552567,1.2432328244340711,1.1679615276873907,1.1437495714565595
QQQ,10:45,541438.0,636076.2798921478,0.0009699458452627587,1.8869149586114995e-06,0.001911660471073961,0.0016367436355852675,1279,0.0013736502315405837,1.0900815508543835,1.0813274296892639,1.1822552239842257,1.2486427962678772,1.1679012851178876,1.1462354035563158
QQQ,10:50,526410.0,617437.7631256246,0.0010138479198209746,2.1431366524146263e-06,0.0018790739244884341,0.0015869303755179165,1279,0.0014639455769988945,1.0598255556227232,1.0496420170029395,1.2357669300693577,1.4181943548872709,1.1479930063149,1.2215818923233919
QQQ,10:55,491791.0,583693.4559396927,0.00089901097225047,1.5343140910840185e-06,0.0017311339305245328,0.001462102308172177,1279,0.0012386743280959763,0.9901268399636304,0.9922768139455392,1.0957935678092694,1.0153135032932903,1.0576112090840841,1.0336054519115716
QQQ,11:00,534244.0,636361.2975774315,0.0009542891192320396,1.7496751470609164e-06,0.0018724516879305231,0.0015796653981474751,1279,0.0013227528669637863,1.0755978118540799,1.081811958747785,1.1631714305634775,1.157826036735749,1.1439472467758152,1.1037643582450156
QQQ,11:05,480456.0,565877.3912694198,0.0009283501533177306,1.8636816750066784e-06,0.0017782346351535956,0.0015079923595053785,1279,0.001365167269973419,0.9673059918167799,0.9619895669185782,1.131554739686645,1.2332684562244045,1.08638670258756,1.1391568397035754
QQQ,11:10,456704.0,555442.1680749648,0.0008854571681532863,1.598726370816501e-06,0.001704187708793369,0.0014545277254111384,1279,0.0012644075177000891,0.9194858960793302,0.9442497243371081,1.0792730004219084,1.0579375382091718,1.0411488050823852,1.0550783802403358
QQQ,11:15,444579.0,540508.7556979186,0.0008111863571627752,1.3291439515575198e-06,0.0016365936175412022,0.0013670133729570175,1279,0.0011528850556571197,0.8950745344753988,0.9188629760293434,0.9887452099149139,0.8795446836335252,0.9998531737533387,0.9620190327075572
QQQ,11:20,439231.0,511032.20262476074,0.0008271583476906728,1.3821041461306615e-06,0.0016199906258856766,0.001342972254764772,1279,0.0011756292553907722,0.8843073623634132,0.8687529398932665,1.0082132754066715,0.9145904418649187,0.9897098164026495,0.9809978137405063
QQQ,11:25,427757.0,506722.15117764426,0.0008026036746240971,1.2599915276941114e-06,0.0015512558261518744,0.0013387328893203724,1279,0.001122493442160849,0.8612066643804435,0.8614258676529226,0.9782838822885229,0.8337839165637434,0.9477172857435154,0.9366589064099362
QQQ,11:30,452322.0,527367.3081188452,0.0008221192090612475,1.3326293679495763e-06,0.0016375754635221964,0.0013593332793915879,1279,0.00115439567218072,0.9106635796629651,0.8965225615503047,1.0020711304631,0.8818511151184596,1.0004530183388924,0.9632795589323487
QQQ,11:35,404309.0,491578.69729336514,0.0007787938767971379,1.2854670164552703e-06,0.0015527947483351206,0.0013133413593081492,1279,0.0011337843782903653,0.8139986143277438,0.8356820495245655,0.9492624085635593,0.8506420083276837,0.9486574679687093,0.9460805702613155
QQQ,11:40,392664.0,483762.56163134717,0.0008040726560388816,1.3438618479819726e-06,0.0015363195045038707,0.0012683578104138698,1279,0.0011592505544454023,0.7905536406471021,0.8223946464996553,0.9800744059141943,0.8892840708076737,0.9385921563015505,0.9673306905844253
QQQ,11:45,386168.0,460702.9654133151,0.0007457842252913032,1.097264305113493e-06,0.0014587051819347405,0.0012322641974440122,1279,0.0010475038449158519,0.7774751907519154,0.7831934143575846,0.9090273447965717,0.7261011758526907,0.8911748097362804,0.8740842208844635
QQQ,11:50,403677.0,474222.75284106017,0.0007604993028085087,1.0704548400949433e-06,0.0014708932511766607,0.0012447963431556886,1279,0.0010346278751778067,0.8127262035620791,0.8061770052433627,0.9269633742677182,0.7083603416860886,0.8986209341637774,0.8633399338527389
QQQ,11:55,375139.0,442545.0155784816,0.0007373466289498979,1.0830288431172359e-06,0.001415525615064558,0.0011962363191629186,1279,0.001040686717085039,0.7552704149061621,0.7523249637581434,0.898742860975937,0.7166810337355011,0.8647948785708947,0.8683957034650888
QQQ,12:00,407619.0,472467.7758348734,0.0007458993790020173,1.0797569504586219e-06,0.0015090414855787931,0.0012807257029154473,1279,0.0010391135406964062,0.8206626643820953,0.8031935505300608,0.9091677042575848,0.7145158989583903,0.9219270456084521,0.8670829744811848
QQQ,12:05,352629.0,425848.35170148395,0.0007465470560618058,1.177239031157579e-06,0.0014397574136015975,0.0011920622677232726,1279,0.0010850064659519679,0.7099508479202243,0.7239406941268961,0.9099571499685277,0.7790234684566604,0.8795989450253457,0.9053780910201975
QQQ,12:10,339356.0,418680.82476816105,0.0006651170764054757,9.433274770723159e-07,0.0013578197522695725,0.001159038937443237,1279,0.000971250470822185,0.6832282085330919,0.7117559236503853,0.8107031356255459,0.6242353707528238,0.8295403172422096,0.8104549832372941
QQQ,12:15,349097.0,419730.3987579656,0.0007105483176801446,1.0468172093548773e-06,0.0013948673054251784,0.0011637256146586148,1279,0.0010231408550902838,0.7028398434513513,0.7135401957267729,0.8660787244704208,0.6927184298925956,0.852173983416516,0.8537546487464172
QQQ,12:20,339272.0,413872.8387103534,0.0007058476303066284,1.0409824028459424e-06,0.0013802274232431605,0.0011261261261261688,1279,0.0010202854516486758,0.6830590906465162,0.7035823643301848,0.8603491136567873,0.6888573183561437,0.8432299593740312,0.8513719719622863
QQQ,12:25,327401.0,404328.4811748053,0.0006482073351881522,8.565243603784208e-07,0.0012923465202963732,0.0010709227208346365,1279,0.0009254860130647145,0.6591591093186588,0.6873569902230109,0.7900920571946812,0.5667944745116975,0.7895403941808917,0.7722670657443975
QQQ,12:30,337568.0,420700.7700655809,0.0006950904557361341,1.0628765053126814e-06,0.0013667147531307468,0.0010966973741932155,1279,0.0010309590221306963,0.6796284135188378,0.7151898235231211,0.8472373240724608,0.7033454717310903,0.8349745892241237,0.8602784782096039
QQQ,12:35,320512.0,392511.7025905402,0.0006707669673265256,9.657185811046523e-07,0.0013177731556052261,0.0011074437592286782,1279,0.0009827098153090017,0.6452894293112788,0.6672685083574442,0.8175897191280946,0.6390524088089717,0.8050744288605701,0.8200171745802869
QQQ,12:40,311735.0,378883.6952989812,0.0006319821647617362,8.414752976867004e-07,0.0012712165301306945,0.0010399892646269534,1279,0.0009173196267859423,0.6276186234722928,0.6441009440853309,0.7703153937960476,0.5568359421280082,0.7766313326386186,0.7654526665204066
QQQ,12:45,310995.0,383722.2182036403,0.0006336632363469969,8.615747706016677e-07,0.0012824169134142104,0.00104092841956053,1279,0.0009282105206264728,0.6261287754238879,0.6523264159373465,0.7723644315575605,0.5701365214410914,0.7834740446309225,0.7745405171316854
QQQ,12:50,314630.0,389684.93150968564,0.0006850113838280361,9.2080864398962e-07,0.001302748099545951,0.0010620140337567713,1279,0.0009595877468942691,0.6334471506346335,0.6624630075019513,0.8349520655969904,0.609333809566538,0.7958950884148593,0.8007230829608404
QQQ,12:55,314560.0,375045.722449498,0.0006245197008343881,8.159357742593373e-07,0.0012351122647679374,0.0010002286236853162,1279,0.0009032916330063825,0.6333062190624871,0.6375764037939486,0.7612194870451804,0.539935476210266,0.7545739544831178,0.7537470789248177
QQQ,13:00,382192.0,454611.3005918006,0.000751177338164188,1.2235573932552364e-06,0.0015136929691496343,0.0012177335598971008,1279,0.0011061452857808673,0.7694702774539994,0.7728376056720387,0.9156009446512907,0.8096740756312018,0.9247688021453951,0.9230172710100761
QQQ,13:05,334223.0,406868.19832951523,0.0006923336110459412,1.0222239161319468e-06,0.0013435055057671823,0.0011101540817303873,1279,0.0010110508969047734,0.6728938976784131,0.6916745004177093,0.843877039523986,0.6764441201897817,0.8207952356031861,0.8436662450308617
QQQ,13:10,312472.0,393728.0164099257,0.0006499628179617935,8.971003371546752e-07,0.0012692973410989277,0.0010637449139697208,1279,0.0009471538086048512,0.6291024315961771,0.6693362375553238,0.7922317938509988,0.5936451287353965,0.7754588318883545,0.7903476468085231
QQQ,13:15,314282.0,389820.9157461306,0.0006718615697029838,1.281066936303024e-06,0.0013133479447889058,0.0010552113826673099,1279,0.0011318422753648248,0.6327465193902485,0.662694180223717,0.8189239166856942,0.8477303093345576,0.8023709103867092,0.9444599924173412
QQQ,13:20,313357.0,385311.29011583346,0.0006548777275034282,1.2446414126954085e-06,0.001306637395863593,0.0010806267635228844,1279,0.0011156349818356398,0.6308842093297424,0.655027832576707,0.7982225174665357,0.8236261665138324,0.7982711976854697,0.9309358993022067
QQQ,13:25,308386.0,383314.5675204339,0.000681362300606709,1.0133493323080698e-06,0.0012878581286434065,0.0010226909555768398,1279,0.0010066525380229615,0.6208760543991739,0.6516334112154012,0.8305042423270238,0.6705714733537453,0.7867982762897019,0.8399960569785327
QQQ,13:30,329471.0,405093.6629865442,0.0007123734236349751,1.2572540675024351e-06,0.0013619589355189608,0.001106714993221465,1279,0.001121273413357525,0.6633266572378455,0.6886577966009391,0.8683033239776627,0.8319724359070201,0.8320690913155591,0.9356408596207183
QQQ,13:35,309004.0,393739.32978232135,0.0006580926422860648,9.769240688966553e-07,0.0012805728194413613,0.001036583421044202,1279,0.000988394692871555,0.6221202788504093,0.6693554702484463,0.8021411380936561,0.64646750271466,0.7823474221195732,0.8247608915596618
QQQ,13:40,311616.0,383362.6264163448,0.0006203209152185169,7.751236560430045e-07,0.0012521931507584315,0.0010182327298182874,1279,0.0008804110721946905,0.6273790397996438,0.651715111168743,0.7561016381951667,0.5129285582891977,0.7650092744581357,0.7346545120883743
QQQ,13:45,308061.0,394848.6106860837,0.0006303603342168,1.000235766065787e-06,0.0012679211774647503,0.0009866484189754842,1279,0.0010001178760855078,0.6202217292427799,0.6712412438677237,0.7683385642199092,0.6618937319711359,0.7746180846420689,0.8345432417778388
QQQ,13:50,303648.0,382089.69001558406,0.0006333092351928875,8.134811414788439e-07,0.0012241321904427258,0.0009961963412424804,1279,0.0009019318940357104,0.6113370002730356,0.6495511237824725,0.7719329438453482,0.5383111531188315,0.7478658370589497,0.7526124517016769
QQQ,13:55,310712.0,383923.642477276,0.0006154250961109296,8.245054650989751e-07,0.0012075006919947165,0.0009762084065490273,1279,0.0009080228329171987,0.6255590092107817,0.6526688364912531,0.7501341836780964,0.5456063638590822,0.7377050638961538,0.7576950044698801
QQQ,14:00,394512.0,534158.0515179789,0.0008588404757608065,2.1874699281615334e-06,0.0016621503946683152,0.00120523415977966,1279,0.001479009779603074,0.7942742341517672,0.9080668013492006,1.0468302369626086,1.4475313555526677,1.0154667166925084,1.234152139068002
QQQ,14:05,353798.0,456051.6725171502,0.0006969766122841484,1.1996857856810826e-06,0.0014258099261783785,0.001106140707604636,1279,0.0010953016870621,0.7123044051750693,0.7752862328588581,0.849536337407105,0.7938773325417651,0.8710779295352928,0.9139688855710338
QQQ,14:10,342750.0,424458.86133852927,0.0006810077726341324,1.065300428700766e-06,0.0013452974542450735,0.001062120428116197,1279,0.0010321339199448713,0.6900613764740191,0.7215785654164738,0.8300721124821728,0.704949473259312,0.8218900005794261,0.8612588656759664
QQQ,14:15,345514.0,430120.19757786713,0.0006521974841272822,9.291006889514418e-07,0.001323195736805487,0.001055786390572857,1279,0.000963898692265656,0.6956261602656287,0.7312028170319057,0.7949556013304712,0.6148209684661247,0.8083872763291808,0.8043203292568928
QQQ,14:20,329634.0,415295.8915583425,0.0006793687156787315,1.07716186335226e-06,0.0013338697463101642,0.0010552451893235005,1279,0.001037864087129071,0.6636548264701293,0.7060015491466488,0.8280742858432996,0.7127986319420586,0.8149084078828766,0.8660403743482723
QQQ,14:25,333774.0,423967.0708623706,0.0006777920047283054,1.0707298821271593e-06,0.0013180930336148349,0.0010519031141868387,1279,0.0010347607849774552,0.6719899223085025,0.7207425233436261,0.8261524519935454,0.7085423473724763,0.8052698536989009,0.863450839754648
QQQ,14:30,367164.0,473831.15109996166,0.0007267198362588743,1.3734711813601036e-06,0.0014448281123717254,0.0010993261537835558,1279,0.0011719518681925908,0.7392142822223392,0.8055112836663284,0.8857899922827818,0.9088776834695305,0.8826968150183111,0.9779292368186994
QQQ,14:35,336361.0,454911.7151840133,0.0006892044776732205,1.4035437486365714e-06,0.0013839182781325795,0.0010304246434188283,1279,0.0011847125172954709,0.677198350553399,0.7733483094179693,0.8400629768167631,0.9287778354735582,0.8454848337273805,0.9885772951367735
QQQ,14:40,353623.0,456743.96336885146,0.0007272134683809743,1.583112588378137e-06,0.0013917855460885513,0.0010494437947888302,1279,0.0012582180210035686,0.7119520762447032,0.7764631248621167,0.8863916744879579,1.0476053094697784,0.8502912271718106,1.0499135864079279
QQQ,14:45,342849.0,445340.25241865835,0.0006738193477175253,1.1573490445881176e-06,0.0013644994046581858,0.0010283064727217488,1279,0.0010758015823506292,0.6902606939831976,0.7570768565158383,0.8213102285570194,0.7658615141595265,0.8336211541517156,0.8976971230217893
QQQ,14:50,354408.0,462465.5203411658,0.0006796184973294169,1.0817525136726422e-06,0.0013587366251058433,0.0010403894028906948,1279,0.0010400733212964565,0.7135325231609165,0.7861897515109556,0.8283787416671174,0.715836438403113,0.8301004674257664,0.8678838584894744
QQQ,14:55,366266.0,461703.0725753151,0.0006641232523337763,9.789224351163663e-07,0.0013097891562970053,0.0010206097320076455,1279,0.0009894050915152835,0.7374063314825181,0.7848935930013828,0.8094917755210346,0.6477898970139682,0.8001967200866825,0.8256040135353688
QQQ,15:00,433570.0,538503.8712043596,0.0008197684394751191,1.5760313073869234e-06,0.0015731564933782552,0.0012439705509012672,1279,0.0012554008552597546,0.8729100247931159,0.9154546794699879,0.9992058059327076,1.042919358755532,0.9610971812770878,1.0475628168749702
QQQ,15:05,408980.0,506062.2787975059,0.0007022159963369358,1.1174792447654495e-06,0.0013935511153003724,0.0011013501256835144,1279,0.0010571089086586346,0.8234027768062563,0.8603040869368441,0.855922559067954,0.7394781638606609,0.8513698761174008,0.8820991171532503
QQQ,15:10,419276.0,507537.73114487645,0.0006976310726999859,1.076345311653535e-06,0.0013834167198561612,0.0010776829815896231,1279,0.0010374706317065245,0.8441317977608194,0.8628123507172223,0.8503340512684445,0.7122582888853988,0.8451784139606624,0.865712057485152
QQQ,15:15,410947.0,508615.88158004923,0.0006400902357730365,8.986690190575798e-07,0.0013716998487300204,0.0010950581087286809,1279,0.0009479815499563164,0.8273629539835703,0.8646452026498261,0.7801982231894227,0.5946831847160111,0.8380201611993378,0.7910383513417818
QQQ,15:20,426683.0,516640.0760180211,0.0006981110767122442,1.022942078244287e-06,0.0013732810307231374,0.0011118342553421417,1279,0.0010114059908089763,0.8590443714020828,0.8782863048591558,0.8509191223358628,0.6769193551462028,0.8389861614434758,0.8439625513213851
QQQ,15:25,426238.0,516450.6033079085,0.0006523454807302212,1.071555435981453e-06,0.001306691504415745,0.0010308951341749307,1279,0.0010351596186006548,0.8581484492648663,0.8779642019210349,0.7951359925943866,0.7090886474950072,0.798304254521948,0.8637836444297705
QQQ,15:30,507768.0,610538.8890934378,0.000762644777872182,1.3407193243967756e-06,0.0014710603381931772,0.0011827483771592222,1279,0.0011578943494105045,1.0222934646519612,1.0379139555096866,0.9295784677952011,0.887204544425814,0.8987230135571995,0.9661990122359001
QQQ,15:35,524591.0,624314.8366535887,0.0007210125425990758,1.1307966173057007e-06,0.0014037925621615066,0.0011064624321427102,1279,0.001063389212520844,1.0561633480550903,1.0613330177159959,0.8788334412783482,0.7482907715575317,0.8576267397872688,0.8873396845601965
QQQ,15:40,579879.0,667989.0952982822,0.0007343279106926614,1.1654301715496195e-06,0.0014291212637314828,0.0011451917422390188,1279,0.0010795509119766514,1.1674751303526703,1.1355791031884146,0.8950633819134873,0.7712091006631762,0.8731009432672016,0.9008257319342118
QQQ,15:45,713822.0,801414.5378287068,0.000734098357285269,1.0641830268560466e-06,0.0014868253010391953,0.0011835967416279046,1279,0.0010315924713064004,1.437143667038475,1.3624018843351033,0.8947835820500222,0.704210046313981,0.9083543893408692,0.8608070566314423
QQQ,15:50,1174685.0,1309380.4011059485,0.0011295713451613795,2.618123795906656e-06,0.002124477462922106,0.0017775094744607864,1279,0.001618061740449559,2.3650029118114753,2.2259420581655167,1.376820809328956,1.7325112626707613,1.297918744826482,1.3501833359451079
QQQ,15:55,2117561.0,2350413.090561644,0.000978943885534872,1.7562361878879297e-06,0.0018622595737349454,0.0016040181464679342,1279,0.0013252306168693544,4.263302869227426,3.995693954121298,1.1932228261130275,1.1621677249116156,1.137720522183662,1.1058319039693265
SPY,09:30,1758212.5,1919830.4541487473,,,0.002146288979634384,0.001860782854265631,1278,,2.4439483767070564,2.2787558024091643,,,1.762153179914311,
SPY,09:35,1150083.0,1296886.2812792142,0.0008638973404369289,1.506303420027577e-06,0.0017491745275213598,0.0014435909748076355,1278,0.0012273155340121696,1.5986369570961312,1.5393479836427675,1.4220296780007353,1.7239183404312988,1.4361129769309735,1.3382853826208447
SPY,09:40,1019080.5,1146498.9734611025,0.0008769836365805424,1.6290041368653585e-06,0.0017508749101546894,0.0014340646877916776,1278,0.0012763244637886396,1.4165410231748525,1.3608447467769025,1.4435705493754671,1.8643455699843237,1.437509030627761,1.3917255392228964
SPY,09:45,1022307.5,1137730.653970482,0.0009118270202244174,1.6231786794573385e-06,0.0018983222163844544,0.0015063565537101272,1278,0.0012740402974228636,1.4210266137457497,1.3504371303785636,1.5009249632673956,1.857678511585888,1.558566699006993,1.3892348460196586
SPY,09:50,941166.0,1050507.4220466402,0.000821506397298826,1.3378464438060587e-06,0.0016494979347966973,0.0013882406266188677,1278,0.0011566531216428107,1.3082384057170982,1.2469069225824458,1.3522515036746794,1.5311244670186248,1.3542761755964632,1.2612339064894411
SPY,09:55,860762.0,956744.2820811619,0.000726948581734484,1.0540557039651313e-06,0.001479753304192833,0.001244023599777626,1278,0.0010266721501848248,1.196475336531346,1.1356141264989634,1.1966033569268182,1.206334617409583,1.214911885218877,1.1195004815466139
SPY,10:00,1063233.0,1205865.3164625282,0.0009741127981756188,1.9613911716372337e-06,0.001929715795345202,0.0015857867799614865,1278,0.0014004967588813742,1.4779138269187448,1.431310030984666,1.603451294369625,2.244752397550526,1.584341557620858,1.5271250863188603
SPY,10:05,888478.0,1000267.1738046001,0.00080022625121101,1.409392744295184e-06,0.0016236878998808764,0.001350606563547417,1278,0.0011871784803875044,1.2350010967615872,1.187273918559292,1.3172230368967164,1.613007026643268,1.3330855365296024,1.294519268138645
SPY,10:10,838712.5,955699.4632746251,0.0008237787839809887,2.4269053489964524e-06,0.0016247530856302193,0.001307615213737063,1278,0.0015578528008115698,1.1658261176614984,1.1343739717172134,1.3559919959191569,2.7775191810619475,1.3339600788084915,1.6987087458964676
SPY,10:15,834041.0,956913.1723985665,0.0007343308886564029,1.0761533112339311e-06,0.0015000111335877057,0.0012255906243319246,1278,0.001037378094637597,1.159332644977288,1.135814592008782,1.208755101171996,1.231624655222572,1.2315440343959265,1.1311744224128701
SPY,10:20,775250.0,894661.4904709671,0.0007870511470371982,1.86046942318427e-06,0.0015212752074039047,0.0012325392384488017,1278,0.0013639902577307031,1.077612051468264,1.0619245351573057,1.2955359818857168,2.129250533322353,1.2490023336504523,1.4873177869678447
SPY,10:25,763369.5,883671.3008711963,0.0007604411931835894,1.1247036531274702e-06,0.0014679363060210368,0.0012046631893375048,1278,0.0010605204633233015,1.0610979334708843,1.0488796549357555,1.2517343143277135,1.2871890413294227,1.2052098548291859,1.1564092482363928
SPY,10:30,833355.0,959793.9748024733,0.0007376875355253581,1.0550811574045256e-06,0.0014902075383222229,0.0012640957129013471,1278,0.0010271714352553451,1.1583790921010453,1.1392339799965654,1.2142803542811311,1.2075082176072096,1.2234950546287164,1.1200449103370276
SPY,10:35,725262.5,845839.1849543107,0.0007152029081790333,1.060870981483804e-06,0.001403321978559273,0.0011761444190717444,1278,0.001029985913245324,1.008128488201228,1.003974567886678,1.1772692351485157,1.2141344947472803,1.1521599889047158,1.1231138642036698
SPY,10:40,700378.5,811539.922965356,0.00068376632253981,9.836183239330041e-07,0.001351222876766175,0.00111513362192536,1278,0.0009917753394458868,0.9735392611277209,0.9632628258123821,1.1255226263079587,1.1257211834394933,1.1093854143872497,1.0814484155393211
SPY,10:45,669620.0,802487.3969366713,0.0006771169578661308,9.610392091572104e-07,0.0014715177803865888,0.0011308477106522683,1278,0.0009803260728743321,0.9307843687896538,0.9525178685325624,1.1145773513739725,1.0998800749648265,1.2081503285966624,1.0689639438042073
SPY,10:50,663421.5,792258.1257549116,0.0007023006089567691,1.1387275372908049e-06,0.001330830473429888,0.0010884703827467065,1278,0.0010671117735695755,0.9221683374436027,0.9403761655975562,1.1560312343471404,1.303238949197795,1.0926427768737987,1.1635965231550691
SPY,10:55,647211.0,754213.9906095712,0.0006291691001848619,8.273672634331522e-07,0.001227820912383593,0.00100623284225525,1278,0.0009095973083915498,0.899635438171979,0.895219420884637,1.0356521441441007,0.9468966084394552,1.0080695310146939,0.9918401162187239
SPY,11:00,671779.5,812817.3660764031,0.0006696019795691268,9.392592568166095e-07,0.0013473434658371575,0.0011298291646596047,1278,0.0009691538870667596,0.9337861143235405,0.9647790955930053,1.1022072216517695,1.0749535835325796,1.106200327770476,1.0567816055677468
SPY,11:05,614807.0,717757.6092142981,0.0006629480746435138,1.0252197474603223e-06,0.0012701817816992056,0.0010429598548907719,1278,0.0010125313562849906,0.8545932699478221,0.8519472712738237,1.0912544731758553,1.1733327443330355,1.0428487901343846,1.104081123402472
SPY,11:10,586479.5,711145.4033437481,0.0006176871204735862,8.493735067291034e-07,0.0012062649031840088,0.000998658470574734,1278,0.0009216146194202344,0.8152175132397057,0.844098868587181,1.01675207911626,0.9720820829710003,0.9903715460193181,1.0049439931292703
SPY,11:15,601869.5,728386.5542737622,0.0005838093966679527,7.193428930186276e-07,0.0011904359910278287,0.0009761308955583722,1278,0.0008481408450361459,0.8366099021105172,0.8645633698336737,0.9609872024118621,0.8232660099191825,0.9773756409220704,0.9248269608427446
SPY,11:20,581374.0,680966.4801963044,0.0006010971781252401,7.751644044903848e-07,0.0011795066363566044,0.0009525616643376224,1278,0.0008804342136073455,0.808120772409301,0.8082777906976804,0.9894439844255906,0.8871520279267607,0.9684023864949849,0.9600401899731071
SPY,11:25,573284.5,672769.8565987903,0.000588175718087113,7.281371020735879e-07,0.0011447483284755047,0.0009446867704811415,1278,0.0008533094995800691,0.7968762155691173,0.7985487526242214,0.9681744437090698,0.8333307140670065,0.9398650071661517,0.9304629481925801
SPY,11:30,612246.0,712645.1541360492,0.0006017300431312696,7.314151456653787e-07,0.0012126371784718015,0.0009952755416744645,1278,0.0008552281249265477,0.851033431877767,0.8458790079806042,0.9904857202645814,0.8370823350176634,0.9956033322644239,0.9325550493554525
SPY,11:35,542078.5,636677.5611418928,0.0005661745630503723,7.196117282868314e-07,0.0011443051788482862,0.0009210030834454668,1278,0.000848299315269576,0.7534992898314601,0.755708757291853,0.9319591505855638,0.8235736836874615,0.9395011710135224,0.9249997594353663
SPY,11:40,539705.5,652213.3539990078,0.0005928916125524772,7.686772116708482e-07,0.0011411902206481268,0.000912631662113974,1278,0.0008767423861493456,0.7502007752901713,0.7741490721861571,0.9759371043565438,0.879727633524663,0.9369437178700757,0.9560145595746651
SPY,11:45,511704.5,612507.4630271846,0.000534928544105087,6.022728650286836e-07,0.0010703157839356916,0.0008995066295913749,1278,0.0007760624105242333,0.7112788597104707,0.7270198951037014,0.88052622657969,0.6892829320855179,0.8787541566262173,0.8462314304870359
SPY,11:50,517115.5,606956.9993818545,0.0005394476346403103,5.844658852045016e-07,0.0010746044631576809,0.0008919344803233697,1278,0.0007645036855401689,0.7188002512751205,0.7204317345656057,0.8879649355070838,0.668903386571351,0.8822752620320459,0.833627603468454
SPY,11:55,494303.5,598997.7231819758,0.0005415075124055501,6.255872647509738e-07,0.0010542825164230126,0.0008723722585138334,1278,0.0007909407466751057,0.6870911430931224,0.7109844175984973,0.8913556246296399,0.715965551764272,0.8655904710275069,0.8624550170355904
SPY,12:00,521814.5,606287.6737159351,0.0005394494994322396,5.952240941988313e-07,0.0011082711740938958,0.0009143757585003376,1278,0.0007715076760466037,0.7253319494755067,0.7196372739185108,0.8879680050725779,0.6812158287718596,0.9099164148760647,0.8412648718440402
SPY,12:05,470284.0,566075.3863408271,0.0005519458307786653,6.834574950169761e-07,0.0010648096169680152,0.0008641472732064052,1278,0.0008267148813327217,0.6537035872463092,0.6719070261843157,0.9085377570662126,0.7821962659710535,0.8742334654596052,0.901463731715252
SPY,12:10,459145.5,551468.8302114523,0.0004910681756049077,5.249214293630412e-07,0.0010102909979429224,0.0008261723607788716,1278,0.0007245146163902018,0.638220863176294,0.6545696751379774,0.8083292851424603,0.6007565722368154,0.8294724110111172,0.7900228537322019
SPY,12:15,472748.5,559764.4230493067,0.0005230398653031658,5.938497823287033e-07,0.0010333919086049335,0.0008302032924284236,1278,0.0007706164949757456,0.657129288505056,0.6644161854237342,0.8609567091182755,0.679642970736164,0.8484387960451185,0.8402931131012018
SPY,12:20,456798.5,559914.216162763,0.0005188446896598737,5.862847356196186e-07,0.0010336142728159775,0.0008203943632875133,1278,0.0007656923243833769,0.634958489123026,0.6645939833775647,0.8540511845959172,0.6709850054188099,0.8486213622350903,0.8349237151406337
SPY,12:25,439248.0,535523.7586428426,0.0004889144743397809,5.293043436434306e-07,0.0009742403082916976,0.0008059733901291557,1278,0.0007275330532995945,0.6105629646995577,0.6356435640960992,0.8047841566032184,0.6057726840055607,0.7998739561852293,0.7933142078153675
SPY,12:30,474384.5,577134.1393379037,0.0005197275850154725,6.544071282537394e-07,0.0010342074197112175,0.0008254298551617072,1278,0.000808954342502554,0.6594033592128304,0.6850332881961723,0.8555044862088097,0.7489490068906202,0.8491083496340479,0.882097343166268
SPY,12:35,437896.5,523175.0477019288,0.0005034449688463192,5.582320202567104e-07,0.0009912107368731605,0.0008037374295154825,1278,0.0007471492623677751,0.6086843543318577,0.6209861777378033,0.8287022698525006,0.638879527949914,0.8138070728219404,0.8147040502241578
SPY,12:40,431643.0,517891.2152633185,0.00048270555114997515,5.139378305419655e-07,0.0009701888252466711,0.0007650594970146213,1278,0.0007168945742171337,0.5999918719534549,0.6147144969222285,0.7945638762168183,0.588186178251223,0.7965475943584176,0.7817138323171188
SPY,12:45,418870.5,518802.574359277,0.00048535799274441983,5.325392192124318e-07,0.0009769496051382494,0.0007692776239213992,1278,0.0007297528480331076,0.5822378572132055,0.615796240793676,0.7989299628916035,0.6094749004702303,0.8020983519207449,0.7957347091143023
SPY,12:50,432317.0,523846.0843546886,0.0005187261849912152,5.611877594887427e-07,0.0009955746787115455,0.0008000910399046676,1278,0.0007491246621816309,0.6009287446044573,0.621782669252354,0.8538561184139463,0.6422622813871594,0.8173899705866119,0.8168580592156948
SPY,12:55,426910.5,523002.75954252353,0.00046477033728959614,4.6938508834119685e-07,0.0009319692911645189,0.0007330171333207961,1278,0.0006851168428386481,0.5934136081242727,0.6207816791363342,0.7650413795069085,0.5371969231149594,0.7651684678024118,0.7470628626046656
SPY,13:00,492205.0,606626.6691065696,0.0005752555863301517,7.407198935189828e-07,0.001148877636856342,0.0008845878978014419,1278,0.0008606508545972536,0.6841741887042077,0.7200396468008292,0.9469070894273834,0.84773133525536,0.9432552654040609,0.938468084472417
SPY,13:05,439175.0,551136.0092023279,0.0005393111657489011,6.834549252010879e-07,0.0010377987871507597,0.000831360784185862,1278,0.0008267133270977842,0.6104614933293453,0.6541746309797462,0.887740299077934,0.7821933248951173,0.8520569458454061,0.9014620369514846
SPY,13:10,435891.0,523518.18376371363,0.00048090064953381457,5.358488472642425e-07,0.0009596829367754494,0.0007911475395079126,1278,0.0007320169719782749,0.6058966716885561,0.6213934654178784,0.7915928939670597,0.6132626688724411,0.7879220155323352,0.79820354772694
SPY,13:15,437918.5,534222.7152260344,0.0005128659472912891,8.677033668857781e-07,0.0010119262121773126,0.0007786220861583642,1278,0.0009315059671766887,0.6087149347447985,0.6340992817721933,0.8442097964039502,0.9930600490842645,0.8308149599364082,1.015729684135403
SPY,13:20,440602.0,541932.0104704758,0.0005077156360680785,8.698893897028942e-07,0.0010125855323768781,0.0007959821221498818,1278,0.0009326786100811437,0.6124450501141827,0.6432498821456756,0.8357320582890932,0.9955618855515538,0.8313562771575608,1.0170083535684673
SPY,13:25,431162.0,542243.3488825008,0.0005339518347404693,6.585074965969884e-07,0.0010013590337881989,0.0007753147828910454,1278,0.0008114847482220404,0.599323272925069,0.6436194273893099,0.8789185011726816,0.7536417534484959,0.8221390606619915,0.8848565398786395
SPY,13:30,476537.5,579481.0598287433,0.0005446732867896384,7.916854964731287e-07,0.0010481600092118052,0.000832773924718723,1278,0.0008897671023774304,0.662396069624712,0.6878189814196216,0.8965666895528764,0.9060599140102187,0.8605637501834594,0.9702169279614222
SPY,13:35,440393.5,544398.670565993,0.0005059551214644157,6.251085231163126e-07,0.0009939109853029514,0.0007667977580158964,1278,0.00079063804810818,0.6121552312006308,0.6461777011065032,0.8328341398701107,0.7154176465591539,0.8160240395968082,0.862124949456202
SPY,13:40,461727.0,554011.6968764617,0.0004780468902271805,5.127400017902753e-07,0.0009747609834210414,0.0007680978721229329,1278,0.000716058658065298,0.6418091966311348,0.6575879480042719,0.7868954256013717,0.5868152997640077,0.8003014425785255,0.7808023353661747
SPY,13:45,441958.0,545674.8080844593,0.0004950844316509093,6.58727650429774e-07,0.0009890456287127449,0.0007464025187921945,1278,0.0008116203856667069,0.6143299155663478,0.6476924212051416,0.8149402966880862,0.7538937127981258,0.812029468656827,0.8850044412165617
SPY,13:50,439195.5,534678.9750077778,0.0004815032373605896,4.968029157947104e-07,0.0009459690013311207,0.0007538835753187585,1278,0.0007048424758729502,0.610489988714131,0.634640842420326,0.7925847916534707,0.568575790727852,0.7766625555147564,0.768572022736006
SPY,13:55,465169.0,555487.2111904257,0.000473679240333121,5.105691978400669e-07,0.0009349268889549722,0.0007501591340225585,1278,0.0007145412499219811,0.6465936412375891,0.659339319745051,0.7797059975504321,0.5843308808259053,0.7675967243889236,0.7791477281511643
SPY,14:00,636720.0,819165.81407155,0.0006770937364898007,1.363623378016245e-06,0.0013134697334592166,0.0009474479248096779,1278,0.001167742856118694,0.8850527512555604,0.9723144290772575,1.1145391275194012,1.5606253823416596,1.0783892055070037,1.2733263384149984
SPY,14:05,562483.5,702578.4979251972,0.0005458612393096421,7.731214590274883e-07,0.0011204056076538397,0.0008527611389975518,1278,0.0008792732561766497,0.7818626228339882,0.8339303219902529,0.8985221345582362,0.8848139391292702,0.9198790671037047,0.9587742625760457
SPY,14:10,513642.0,632468.5156900642,0.0005120323387286963,6.144625537378443e-07,0.0010429019696938547,0.0008146696438108631,1278,0.000783876618950868,0.7139720210774101,0.7507128021931976,0.8428376239705417,0.7032336591770662,0.8562467774250893,0.8547521740320402
SPY,14:15,536124.0,645941.6660509116,0.0005144517274320586,5.930654149763064e-07,0.0010454207184523857,0.0008274147210966276,1278,0.0007701074048314991,0.7452224230652972,0.7667048495613208,0.8468200908421967,0.6787452862149352,0.8583147287477517,0.8397379926944273
SPY,14:20,502926.5,614076.5140831909,0.0005332065495038789,6.812364132427411e-07,0.001045944257357094,0.0008147146793590621,1278,0.0008253704702996959,0.6990772749471189,0.7288822909160108,0.8776917145217683,0.77965430559621,0.8587445663672403,0.8999977634423246
SPY,14:25,507243.5,625178.7249827997,0.0005350718905667889,6.792208978412024e-07,0.0010356881274290548,0.000815261487152446,1278,0.0008241485896615989,0.7050779859773524,0.7420601355805655,0.8807621839246604,0.7773476096676627,0.8503240451150708,0.8986654043610971
SPY,14:30,578959.5,707197.7914403349,0.000570535870195751,8.554714544472792e-07,0.0011429452922132473,0.0008727309773757155,1278,0.0009249169986800325,0.8047645720890558,0.839413223815205,0.9391381380708922,0.9790609982217948,0.9383846724520543,1.008544962699671
SPY,14:35,537841.0,677343.2760642793,0.0005465881484050688,8.767609596751375e-07,0.0010940779948436748,0.0008145887968787485,1278,0.0009363551461251962,0.7476090852934443,0.8039772039342383,0.8997186729182023,1.0034261878861328,0.8982634845455314,1.0210173099534237
SPY,14:40,551626.5,688256.623434043,0.0005704641602544191,9.926149674615262e-07,0.0011074239508262157,0.0008335607942923672,1278,0.0009963006411026374,0.7667711890477374,0.8169308757487542,0.9390200989706328,1.1360175676705389,0.9092208248649309,1.0863828801422268
SPY,14:45,527253.5,674307.7032113983,0.000535761239343737,7.495087948593064e-07,0.0010815292280365492,0.0007822767740456608,1278,0.0008657417599141827,0.7328922615657174,0.8003741101104114,0.8818968956241061,0.8577899648856024,0.8879606550836076,0.944019292764942
SPY,14:50,549048.0,681263.8885343764,0.0005303316091100598,6.963626268666991e-07,0.0010785018054753214,0.0008011071371601418,1278,0.0008344834491268829,0.7631870256492067,0.8086308015453841,0.8729593807465236,0.7969657959247293,0.8854750707360045,0.9099347079513613
SPY,14:55,576532.0,710261.7660030305,0.0005202292773602105,6.216285362137677e-07,0.0010479820076701985,0.0008251440914936962,1278,0.0007884342307470977,0.8013903015248002,0.8430500292414802,0.8563303035484978,0.7114349076461346,0.8604176067770737,0.8597218701513546
SPY,15:00,670177.5,812592.9265804781,0.0006469213964049875,9.819291640781047e-07,0.0012377264320595394,0.0009513060576811347,1278,0.0009909233896109753,0.9315593042539473,0.9645126956082966,1.0648735468456196,1.123787991484231,1.0162021930938916,1.0805194351922207
SPY,15:05,667011.0,777469.6343510689,0.0005465740937502357,7.196553358789062e-07,0.0011059463583340372,0.0008458069284831597,1278,0.0008483250178315539,0.927157809818637,0.9228228652409751,0.8996955380671602,0.8236235912470941,0.9080076870566413,0.9250277859387696
SPY,15:10,705216.5,826722.5668184023,0.0005605827876732575,6.929997776634955e-07,0.0011143804155299166,0.0008719831584255559,1278,0.0008324660819898283,0.9802641719371418,0.9812839680967311,0.9227547345435496,0.7931171175373422,0.9149322442100912,0.9077349370887909
SPY,15:15,725468.0,841550.6663742692,0.0005150226850389179,5.801303625625914e-07,0.0011068849157535527,0.0008582804865900983,1278,0.0007616628929930822,1.0084141370584698,0.9988842816184867,0.8477599231854975,0.6639415130879811,0.9087782645310749,0.8305299557686844
SPY,15:20,747182.5,856810.9814474969,0.0005641007077123654,6.975898168904541e-07,0.0011101925896460495,0.0008878315907611511,1278,0.0008352184246593546,1.0385976996403565,1.0169976162853902,0.9285454534939226,0.7983702774926639,0.9114939417409424,0.9107361375629262
SPY,15:25,751940.0,875405.2929127848,0.0005387613900032444,7.121761419793396e-07,0.001070570053180652,0.0008201989529357921,1278,0.0008439052920673857,1.0452107139387896,1.0390682606236767,0.8868353334182719,0.8150638818527751,0.8789629175912193,0.9202084430546761
SPY,15:30,937143.0,1063024.3098244811,0.0006378424102811869,9.619367044943e-07,0.001226989081436813,0.0009583340170340132,1278,0.0009807837195295913,1.3026463602052545,1.2617639275800598,1.0499289612914247,1.1009072310155192,1.00738657845708,1.0694629693703033
SPY,15:35,978439.5,1131020.396477543,0.0005931957361276233,8.122737851459762e-07,0.0011738292668635466,0.0009405889664788398,1278,0.0009012623287067846,1.3600492703419318,1.3424723446524853,0.9764377110020265,0.9296225827058565,0.9637411340724688,0.9827515149850233
SPY,15:40,1103603.0,1253755.1328690336,0.0006140080460013479,8.051642245237939e-07,0.0011925344897457263,0.000958239731952318,1278,0.0008973094363282902,1.5340288846649865,1.488153173969926,1.0106960897733,0.9214859073282199,0.979098557185387,0.978441215031499
SPY,15:45,1454205.5,1640178.5707582643,0.0006338785135027479,8.209373895686923e-07,0.0012686600532642017,0.001012871186997796,1278,0.0009060559527803414,2.021372940485563,1.9468210992411834,1.0434041364127868,0.9395378138339173,1.0415994156903314,0.9879785628383563
SPY,15:50,2342229.0,2646688.2026068973,0.0009086315302371817,1.7103884069971349e-06,0.0017349405638882754,0.0014303812086214622,1278,0.0013078181857571543,3.2557422737161703,3.1415045457920727,1.4956649845813803,1.9574873859274993,1.4244265616733705,1.4260668203252427
SPY,15:55,4606648.166749999,5119463.5625610715,0.0008838427988306356,1.4286969834138668e-06,0.0016687016039610549,0.0014281693737095062,1278,0.0011952811315392988,6.403327418721683,6.076582061295116,1.45486116439336,1.6351001397719358,1.3700428347020603,1.3033545344547763
TSLA,09:30,3086870.0,3326915.0076801316,,,0.014187366994732204,0.013289431926372558,1281,,3.748274986263639,3.504465335948956,,,3.234020494469182,
TSLA,09:35,2173016.0,2358417.206184317,0.005442282640623849,5.079524888171628e-05,0.010507730941997149,0.009576197024628039,1281,0.007127078565703922,2.6386150105286807,2.484280881146322,2.523544642746639,5.129370510963737,2.3952448138829707,2.3894144171294323
TSLA,09:40,1924442.0,2089257.209137502,0.0046585767415534135,3.808390731889995e-05,0.009152902004636839,0.008096046759606696,1281,0.0061712160324282886,2.3367805612530397,2.2007563915524546,2.1601462392301634,3.845762653879944,2.0864105847021777,2.0689532777232778
TSLA,09:45,1805246.0,1957616.0206793481,0.004387953235921687,3.4957872910806786e-05,0.008682073895083627,0.00774443368828648,1281,0.0059125183222385694,2.1920451544290787,2.0620897948195216,2.0346601991005064,3.53009162042424,1.979084979025477,1.9822226443077564
TSLA,09:50,1606882.0,1806602.1164027024,0.00395618572944113,2.8160023466011613e-05,0.007938313603496632,0.007119126720455556,1281,0.005306601875589652,1.9511788985209253,1.903016601917955,1.8344529239843828,2.8436359134879456,1.8095442864601952,1.7790839417030706
TSLA,09:55,1412616.0,1591836.4445262083,0.0033902604124362605,2.1978572354935387e-05,0.007017156875268552,0.006215607447324171,1281,0.004688131008721427,1.7152886963156198,1.6767893461252745,1.5720377029772972,2.2194249145822718,1.5995659487733003,1.5717362616900163
TSLA,10:00,1556886.0,1705650.2538231013,0.0038264344741468868,2.559377062030067e-05,0.0076078291326556165,0.006778179654303506,1281,0.005059028624182776,1.8904705576406042,1.796677154654351,1.774288263894273,2.5844923526183265,1.7342101140094162,1.696082878819632
TSLA,10:05,1383790.0,1555584.0070288281,0.003439222118386465,2.1330100258958102e-05,0.006846204095985337,0.006100501543209947,1281,0.004618452149688043,1.680286323441467,1.6386021936852684,1.5947408698117584,2.1539413561881715,1.560597139973636,1.5483758246177117
TSLA,10:10,1365834.0,1480456.915588793,0.00331077091567902,2.1798239018831444e-05,0.006581411615992346,0.005838985549985309,1281,0.004668858427799181,1.6584829997986346,1.559465730284643,1.5351790341167313,2.201214618999131,1.500237504010415,1.5652749630967182
TSLA,10:15,1258235.0,1398957.83327248,0.0030366069414654814,1.598648379523079e-05,0.006154120734261147,0.0054971818245075675,1281,0.003998310117440966,1.5278294121039855,1.4736172165024026,1.4080513059101356,1.6143359931990122,1.4028362406800454,1.3404678720311447
TSLA,10:20,1218709.0,1330916.293613323,0.003073597598549913,1.8034411189181507e-05,0.0060316092836129615,0.005305651672433771,1281,0.00424669414829718,1.4798344148714955,1.4019444456051433,1.4252035893693416,1.8211383736261064,1.3749096675286994,1.4237407557016701
TSLA,10:25,1178237.0,1287857.6958469197,0.0030030504528539234,1.58518654647044e-05,0.005823081766253098,0.005212735981966614,1281,0.003981440124465568,1.4306907239340534,1.3565879027002044,1.3924914199841487,1.600742058529154,1.327375670201854,1.3348120617211165
TSLA,10:30,1129523.0,1290394.7056067532,0.0029606998341695076,1.5169289987256936e-05,0.005826682686742732,0.0051989544002324145,1281,0.00389477727055822,1.3715390694488152,1.359260307237073,1.372853763516198,1.5318146961752654,1.3281965026133051,1.3057575942213118
TSLA,10:35,1066881.0,1227688.9389566355,0.0027282115023811817,1.348547312389471e-05,0.005512641308891692,0.004903225806451676,1281,0.0036722572246364648,1.2954751465464815,1.2932080681260192,1.26505071047258,1.3617806722273582,1.2566105450174594,1.2311558340577164
TSLA,10:40,1014396.0,1155189.584772085,0.0026763129341221834,1.2893164711592696e-05,0.0052936148651486084,0.004680973642517684,1281,0.0035907053222998817,1.2317445026728986,1.2168395786900332,1.2409857431519555,1.3019685958945402,1.2066833098822267,1.203814857051366
TSLA,10:45,987887.0,1132574.258086698,0.002630473361720689,1.2290279892105631e-05,0.005127283324890926,0.004571121269158334,1281,0.003505749547829341,1.1995555793911075,1.193017320457664,1.2197302856540098,1.2410885001638199,1.1687679158369677,1.175332702622042
TSLA,10:50,947894.0,1079279.2573397635,0.0025881505107319216,1.2704239031640673e-05,0.0050024256552838675,0.004357484620642559,1281,0.0035643006371012917,1.1509935208898936,1.1368780796697724,1.2001055048531681,1.2828906342181186,1.140306520389115,1.1949624591282006
TSLA,10:55,914985.0,1054147.381341595,0.0024775289652732117,1.1239391633745596e-05,0.004748988669037428,0.004278561675011369,1281,0.0033525201914001348,1.1110333082722745,1.110404969277823,1.1488111442238789,1.1349684326098193,1.0825353773798578,1.1239612423520162
TSLA,11:00,911445.0,1040670.8341869322,0.0024425968578020664,1.0635093322590148e-05,0.004832729173828434,0.004248177479414708,1281,0.003261149080092805,1.1067348138583946,1.096209207666008,1.1326133944027572,1.073945600646067,1.1016240855814476,1.0933282910446653
TSLA,11:05,855162.0,994736.9051153787,0.002410356746920997,1.0757166622007697e-05,0.004685985930527649,0.004156903934717607,1281,0.003279811979673179,1.0383923954695813,1.0478238831826376,1.1176639027155422,1.08627272170549,1.0681738578939686,1.0995851887218386
TSLA,11:10,822766.0,960217.2105583693,0.002296080103567553,1.0276951561997303e-05,0.004496477567348035,0.003924866834875261,1281,0.0032057684822827275,0.999055100262787,1.0114619464624868,1.0646747012777067,1.037779978349238,1.0249752904202618,1.0747614690829412
TSLA,11:15,823280.0,936481.7677456947,0.002218170415513256,8.803837148815838e-06,0.004386722183446766,0.0038824803076117653,1281,0.0029671260756523035,0.9996792319375707,0.9864597939042168,1.028548577573675,0.8890229627503149,0.9999564718440712,0.9947545487600583
TSLA,11:20,777912.0,904943.2973435964,0.0022100660852817605,9.006605620931593e-06,0.004297833227411032,0.003759398496240582,1281,0.0030011007348857174,0.9445905046582201,0.9532381828868449,1.0247906619178286,0.9094987876418453,0.9796941704841169,1.0061448456174582
TSLA,11:25,749738.0,886891.385000826,0.002102124635875261,8.20663752135498e-06,0.004128256724917011,0.003602844207578178,1281,0.002864722939719473,0.9103798318851549,0.9342228786464938,0.9747390412344797,0.8287169651285792,0.9410390849668611,0.9604230162672628
TSLA,11:30,764304.0,893648.935954833,0.0021960314494167636,8.990316297849454e-06,0.004284925989623734,0.003720627390793825,1281,0.0029983856152685654,0.9280668007079159,0.9413410656213813,1.0182829091073364,0.9078538705423022,0.9767519563617496,1.005234578402407
TSLA,11:35,728861.0,860511.2653594458,0.0021482851061666486,1.0613499704126795e-05,0.004163636390192727,0.003590558596739147,1281,0.0032578366601361086,0.8850296432188923,0.906434908521622,0.9961432966182362,1.0717650488777541,0.949103905072777,1.0922177737510572
TSLA,11:40,696567.0,832162.4952046067,0.0020689963411483383,7.710103842942595e-06,0.004002607709601724,0.003429297713401856,1281,0.0027767073743811383,0.8458162029358879,0.8765732252219055,0.9593777055226186,0.7785763463931605,0.912397301696548,0.9309150406202393
TSLA,11:45,692198.0,803737.8083353896,0.0019177850892840471,6.787712839844835e-06,0.0038000257972631694,0.003401360544217655,1281,0.0026053239414408403,0.8405110837002266,0.8466315736953655,0.8892622099184794,0.6854320993419184,0.866218609303879,0.8734572699854017
TSLA,11:50,669946.0,786795.2161084302,0.001989106566786467,7.440853342738881e-06,0.003868318733123054,0.003399433427762034,1281,0.002727792760225542,0.8134912820907197,0.8287847916094294,0.9223334310124606,0.7513870795579253,0.8817860330746422,0.9145159953179849
TSLA,11:55,631091.0,772084.2527685012,0.0018816515150908062,6.837928860260386e-06,0.003726839513876233,0.0032182963571624136,1281,0.0026149433761097746,0.7663110559745329,0.8132887356644518,0.872507349210218,0.6905029786065772,0.8495357434503866,0.8766822682326768
TSLA,12:00,682027.0,799808.3799338533,0.0019343231914061019,7.045801976379958e-06,0.003939637725450125,0.003407284016052223,1281,0.0026543929581695244,0.8281608049760537,0.8424924401162124,0.8969308007960975,0.7114942771102778,0.898043248590127,0.8899080800789064
TSLA,12:05,628215.0,738567.1382504129,0.0019448724339311719,7.401797115732115e-06,0.0036986971793186753,0.003217664180462117,1281,0.0027206243981358607,0.7628188328292452,0.7779828845325418,0.9018224034961227,0.7474431307932581,0.8431206780788386,0.9121127402442004
TSLA,12:10,597477.0,720992.9258001585,0.0017456172296442998,5.408913892986484e-06,0.0035734861443854986,0.003144104803493569,1281,0.002325707181264762,0.7254947872660139,0.7594707740048177,0.8094292963163964,0.5461991825974396,0.8145787327511437,0.7797133450550954
TSLA,12:15,616138.0,727367.4708834739,0.0018705501337211508,6.402706346077905e-06,0.00359964570129554,0.0030851329942466815,1281,0.0025303569602089554,0.748154166999746,0.7661855149060286,0.8673597239705135,0.6465536412354068,0.8205418225340978,0.8483239444421544
TSLA,12:20,607054.0,717747.0666127276,0.0018251378145109167,6.286475918875774e-06,0.0035946287840968516,0.0031282586027110786,1281,0.0025072845707808625,0.7371237931987052,0.7560516902646367,0.8463023804944036,0.6348165410362201,0.8193982126559831,0.8405887273502035
TSLA,12:25,578223.0,690151.6801910219,0.0016791269584426765,5.671419121633924e-06,0.003372381090054621,0.002967911510239882,1281,0.0023814741488485495,0.7021153490047589,0.72698359717427,0.778598268461806,0.5727073031095263,0.7687366912018638,0.7984097008081389
TSLA,12:30,565135.0,707584.4942366846,0.0017831739533687163,6.291532597006296e-06,0.0035467719046075805,0.003033781567727161,1281,0.0025082927654096316,0.6862230623129907,0.745346763167401,0.8268440605269892,0.635327170991918,0.8084892026101366,0.8409267332749376
TSLA,12:35,558478.0,685133.3468901444,0.0017594202643844026,6.1802726642301624e-06,0.003491759698466127,0.002966032829514132,1281,0.0024860154191456985,0.6781397071397709,0.7216974461735485,0.8158296574648647,0.6240919978054918,0.7959491307156489,0.8334580612450582
TSLA,12:40,554498.0,680443.175792694,0.0017450292241951465,6.007608147470478e-06,0.0034227345335732574,0.0028940986257074814,1281,0.0024510422573816386,0.6733069365840529,0.716756970690183,0.8091566427077727,0.6066561096061976,0.7802147948109993,0.8217330078222198
TSLA,12:45,544534.0,679566.3998837525,0.001700686193463179,5.684743936663767e-06,0.003397174333815374,0.002924660739354235,1281,0.0023842701056431856,0.6612080104993358,0.7158334031288874,0.7885951200827773,0.5740528603177857,0.7743883289212811,0.7993470693825394
TSLA,12:50,560260.0,669012.9460498267,0.0017639455688208032,6.097775950262365e-06,0.003411434997300533,0.0029121440187586767,1281,0.0024693675202898343,0.6803035255142155,0.704716734067564,0.8179280063602405,0.6157613719852855,0.7776390574033777,0.8278767098997071
TSLA,12:55,535051.0,655141.7002231475,0.0016425844377225593,5.316898442299049e-06,0.003261181774535071,0.0027971825270296964,1281,0.0023058400730100624,0.6496931453787643,0.6901052095609849,0.761653782391318,0.5369073423230029,0.7433887273763916,0.773052726057729
TSLA,13:00,583024.0,702167.8809893958,0.001917530040335664,7.019245019588799e-06,0.0037192762056666396,0.0031264655307174944,1281,0.0026493857815706643,0.7079450302705886,0.7396410768725767,0.8891439456808733,0.7088125209613373,0.84781168191276,0.8882293810377591
TSLA,13:05,550632.0,670304.2281943654,0.0017418559557902014,5.773650480178204e-06,0.003400677296872876,0.0029184804115552207,1281,0.002402842167138367,0.6686125921196293,0.706076929174448,0.8076852225313339,0.5830307590893146,0.7751868318657342,0.805573512809997
TSLA,13:10,536012.0,644116.6320340835,0.0016410671277657198,4.962337096266917e-06,0.0032513040047557323,0.002788433166125681,1281,0.0022276303769402403,0.6508600530430972,0.6784917570965079,0.7609502174231212,0.5011032749603276,0.7411370826619149,0.7468322524617449
TSLA,13:15,530570.0,643844.1488589844,0.0016516192363404513,5.5987694385518004e-06,0.00332115450892299,0.0028359697876583945,1281,0.002366171895393866,0.6442520285797261,0.6782047320779667,0.765843149088352,0.565371043316803,0.7570595552468415,0.7932794886627115
TSLA,13:20,538929.0,639800.5711490125,0.0015440939746905003,4.995934697560628e-06,0.0032434899783574953,0.002772268301478584,1281,0.002235158763390339,0.6544020610106926,0.6739453572862755,0.7159845114697883,0.5044960045779416,0.7393558697331449,0.7493562088003419
TSLA,13:25,515127.0,619314.089146523,0.0016205261855435503,5.005985632883467e-06,0.0031811796474845405,0.0027216856892010735,1281,0.002237406005373961,0.6255001502651649,0.6523655556179038,0.7514255403483227,0.5055109611415491,0.7251521850652912,0.7501096160127002
TSLA,13:30,540570.0,653604.6588005823,0.0016856314685163246,5.939300918358612e-06,0.0033761405381221533,0.0028645999108792225,1281,0.002437068098834871,0.6563946681669572,0.688486139529781,0.7816143598032445,0.5997583564815315,0.7695936600885364,0.8170480509228284
TSLA,13:35,529309.0,636502.0500146386,0.0016837127941200746,5.305452475684147e-06,0.003283469961327295,0.0028502918155906233,1281,0.002303356784279011,0.6427208417277762,0.6704708011438362,0.7807246852285191,0.5357515136792518,0.7484693355609386,0.7722201821421305
TSLA,13:40,527760.0,627423.3297649251,0.0015365792261196702,4.399080665524037e-06,0.003159743952778686,0.002738914797542413,1281,0.002097398547135007,0.6408399468557141,0.6609075690394837,0.7124999802997327,0.4442249056330898,0.7202659030640108,0.7031709108844001
TSLA,13:45,524674.0,623873.1934325113,0.001621333500236782,5.464959655272384e-06,0.0031717344669375124,0.002696009279287795,1281,0.0023377253164716303,0.6370927282790946,0.6571679695348024,0.7517998859682852,0.5518587568029566,0.7229991493769642,0.7837425282983511
TSLA,13:50,522697.0,609441.3507307674,0.0015766958354344073,4.890134737910305e-06,0.0031144386655985647,0.002644091383509188,1281,0.00221136490383435,0.634692128432699,0.6419659302986405,0.7311017437887676,0.4938121866020667,0.7099385303173464,0.7413791126398175
TSLA,13:55,506805.0,607493.03181442,0.001524155445795212,4.803249369355917e-06,0.0030410039277229905,0.002568202132614862,1281,0.002191631668268169,0.6153950456006712,0.6399136337746983,0.706739168825808,0.4850383887152823,0.6931990290847527,0.7347633756132413
TSLA,14:00,579335.0,709501.6832118274,0.0018801948061174657,7.735465400452412e-06,0.003763325684750794,0.003049510989130622,1281,0.002781270465174578,0.7034656105268591,0.7473662684118516,0.8718318844524205,0.7811373895628848,0.8578527923021466,0.9324448560737945
TSLA,14:05,552173.0,687502.3988851991,0.0017489573268140589,6.575960123722254e-06,0.003488582713754914,0.0028216114536525265,1281,0.002564363492900773,0.6704837728800217,0.7241929293994693,0.8109780737091914,0.6640490337677165,0.7952249347693191,0.8597249271507528
TSLA,14:10,541631.0,655876.8687306385,0.0016808559667969177,5.9877719539392485e-06,0.003275326838240557,0.002782727561207768,1281,0.0024469924302987227,0.6576830022271625,0.6908796124371137,0.7793999963502182,0.6046530249006616,0.7466131048056989,0.8203752684442136
TSLA,14:15,538293.0,655024.5808824941,0.0016133038828736927,5.099662897914744e-06,0.0032219970782185153,0.0027874346205643344,1281,0.0022582433212377144,0.6536297891329448,0.6899818398119707,0.7480766140954361,0.5149706135968032,0.7344565477123042,0.7570955054595656
TSLA,14:20,532560.0,650822.2690361912,0.0016551778389994488,5.494359147392193e-06,0.0032780582145171947,0.00277703604806414,1281,0.0023440049375784582,0.6466684138575851,0.6855552595830741,0.7674932457975423,0.5548275558783942,0.7472357239893735,0.7858478253100845
TSLA,14:25,543990.0,642197.148681566,0.0016925578166353266,5.743807804287928e-06,0.003194963479551811,0.002713664614397032,1281,0.0023966242517941623,0.6605474509057904,0.6764698350286763,0.7848260542049711,0.5800172067384582,0.728294219483265,0.8034889031861565
TSLA,14:30,550862.0,680123.4549643567,0.0016967206468666458,5.801137613548058e-06,0.0034155683343407906,0.0028322527502354046,1281,0.002408555088335755,0.6688918728301356,0.7164201870460255,0.78675632659665,0.585806445682889,0.7785812545498746,0.8074888188006802
TSLA,14:35,534425.0,656882.6389074707,0.0016463021477224244,5.795354487011115e-06,0.0032954895692583574,0.0026853688921698467,1281,0.0024073542504191433,0.6489330161406037,0.6919390584140933,0.7633776559519109,0.585222458019223,0.7512092138201656,0.8070862275560159
TSLA,14:40,541506.0,653686.8760661186,0.0016533002698768762,5.944916387380464e-06,0.0032336867757954612,0.0026176939752137703,1281,0.002438219921865225,0.6575312192323222,0.6885727445546834,0.7666226314223743,0.60032541387056,0.7371212226694,0.8174342095051055
TSLA,14:45,532657.0,646079.7019487268,0.00162862280681999,5.443797928780137e-06,0.003239569918966046,0.0026740237691001505,1281,0.0023331947901493646,0.6467861974615812,0.6805595918479309,0.7551798814209439,0.5497218180494292,0.7384622893798496,0.7822236303639719
TSLA,14:50,551804.0,650526.4190196737,0.00157367885466157,4.854216979650668e-06,0.003205563617623833,0.0026422018348624854,1281,0.002203228762441764,0.6700357094792528,0.6852436206848359,0.7297027929864457,0.49018516450663563,0.7307105285687951,0.7386514012270657
TSLA,14:55,546800.0,654943.943307719,0.0016296459780246295,5.741814154380657e-06,0.0031651444822830134,0.00262641929064742,1281,0.0023962082869359784,0.6639595326298023,0.6898968987825419,0.7556543180466361,0.5798158853694586,0.7214969576426699,0.803349447388104
TSLA,15:00,622754.0,730685.2363163434,0.001942144333280735,8.38074775708546e-06,0.0037198361907558974,0.003108606955508124,1281,0.0028949521165444964,0.7561877373506583,0.7696803423739562,0.9005574041868449,0.8462988439159539,0.8479393309159844,0.9705576079176542
TSLA,15:05,579151.0,703254.4613593856,0.0017265204696962863,6.409191431733134e-06,0.0033870734038451474,0.0028322712316215036,1281,0.002531638092566379,0.703242185958454,0.740785645709641,0.8005742754652369,0.6472085136467708,0.7720858146810391,0.8487534550890287
TSLA,15:10,586819.0,711454.282621381,0.0016932569597710766,5.719638510685361e-06,0.0033099025898691717,0.0028430725491191667,1281,0.0023915765742884673,0.7125531619939429,0.7494230738697543,0.7851502415049039,0.5775765599337832,0.7544946722184637,0.8017966258674855
TSLA,15:15,601360.0,722014.3335577494,0.001632215471932799,5.312772313249031e-06,0.0033385346473532584,0.0028172793131204517,1281,0.002304945186604018,0.7302097742177358,0.7605466921067479,0.7568457726282357,0.5364906804276576,0.7610213702827865,0.7727527076896721
TSLA,15:20,608261.0,725206.4262287135,0.0016328505485157278,4.944362090582482e-06,0.0033412476313696444,0.0028243099867003188,1281,0.002223592159228504,0.738589409796884,0.763909139926637,0.7571402527599034,0.4992881354320845,0.7616397969375293,0.7454784052253244
TSLA,15:25,617813.0,718038.9491751889,0.0015670847860315658,5.7829493655542284e-06,0.0031864341560023483,0.0026787666739558776,1281,0.002404776364977465,0.7501880591306073,0.7563591499742933,0.7266451740305799,0.5839697726679995,0.7263499540552146,0.806221969279182
TSLA,15:30,682430.0,782540.8598106127,0.0017984285562994927,6.474316960980934e-06,0.003488491818521518,0.0029674805067229715,1281,0.002544467913136445,0.8286501533514191,0.8243033894281114,0.8339175026918334,0.6537849745676034,0.7952042151355941,0.8530547628347882
TSLA,15:35,658305.0,774972.6907446893,0.0016300152499850733,5.2272482513169186e-06,0.0033182122580942704,0.0027192386131882932,1281,0.0022863176182055106,0.7993560353472239,0.8163313233888819,0.7558255466172616,0.5278543490598567,0.7563888670575897,0.7665076550952418
TSLA,15:40,708572.0,812731.7076387323,0.0016897229140273077,5.3741953532509815e-06,0.0033527858885508467,0.002890932982917146,1281,0.002318231082798042,0.8603934417603589,0.8561054581411115,0.7835115316486133,0.5426932591533453,0.7642699509476651,0.7772069187128602
TSLA,15:45,738600.0,872036.0890072427,0.001717051402949462,5.921437253404056e-06,0.003388770020739973,0.0028660138524003956,1281,0.0024334003479501796,0.8968553599128969,0.9185747873232726,0.7961835419736703,0.5979544602854717,0.7724725597205637,0.815818405878014
TSLA,15:50,1065967.0,1192148.5244512637,0.0024065423413445856,1.1351497983398552e-05,0.004530210246105496,0.0039874235743816155,1281,0.003369198418526067,1.2943653092882086,1.2557709378200719,1.1158951921590996,1.1462890780768926,1.032664678766632,1.12955276151088
TSLA,15:55,1631579.0,1708329.9146284857,0.0019164022808331918,7.02767136868594e-06,0.0037515057644119006,0.003250653664052067,1281,0.0026509755503749824,1.9811675755095104,1.799499823217537,0.8886210122651174,0.7096634246880739,0.8551584329729512,0.8887623647092482
XOM,09:30,586726.0,767073.3348767405,,,0.007883956368012387,0.007058515968803122,1283,,3.384700835572685,3.7010286120631903,,,3.776353838972919,
XOM,09:35,343136.0,415443.89180874906,0.0027660690450905414,1.6169534723689048e-05,0.005353370320683535,0.004823292116109895,1283,0.004021135999153603,1.9794805512540246,2.0044624944994784,2.5931560331991492,6.71431968345657,2.56422278590738,2.7595189764644754
XOM,09:40,301652.0,372843.5872398862,0.0023354409018640694,9.417063692464338e-06,0.004512499036380237,0.003986710963455064,1283,0.0030687234630159066,1.7401679428765242,1.7989215912724061,2.1894473948862103,3.910389333469448,2.1614519746121115,2.1059224635766163
XOM,09:45,288654.0,354517.92396552925,0.0022678668939062584,8.829431376864217e-06,0.004215935523588331,0.0038078753786239526,1283,0.0029714359116198713,1.665185171598664,1.710502660474441,2.126097585620148,3.6663779076187923,2.019400356394778,2.0391585331083033
XOM,09:50,251881.0,316238.77291636553,0.0019308234757794793,6.560507011507983e-06,0.0037883528307048734,0.0033944954128440783,1283,0.0025613486704289174,1.4530493469948211,1.5258107583615763,1.8101234870282195,2.724218235932834,1.8145915689818788,1.7577346955881106
XOM,09:55,224017.0,277512.62847211614,0.0016855923040002931,4.843503763227863e-06,0.0032419514876144695,0.002927013502030047,1283,0.0022007961657608964,1.2923076991346663,1.3389621715232791,1.5802222509197483,2.0112410907341958,1.552869571385435,1.5103042483581177
XOM,10:00,250823.0,299438.946795396,0.0018818692413425835,6.040181501563294e-06,0.003619282137388269,0.0032555615843732734,1283,0.002457678071180864,1.4469459640119027,1.4447537924570244,1.7642294886097791,2.5081556297461587,1.7336080206260758,1.6865903756778506
XOM,10:05,220160.0,263002.71092138736,0.0016618469836988516,4.791526597898511e-06,0.003200184441683251,0.002828694274722788,1283,0.0021889555952322357,1.270057464574064,1.2689537152619828,1.5579613024053869,1.989657828740277,1.532863480930031,1.5021786144395228
XOM,10:10,207915.0,253627.0932666703,0.0016348386371509583,5.1504731268328555e-06,0.00306081627372833,0.0027448397013614405,1283,0.002269465383484149,1.199418594417317,1.2237175851318063,1.5326413065355404,2.138708607610334,1.4661072114226854,1.5574287448800388
XOM,10:15,203863.0,245142.92780028292,0.0015754794232027945,4.376085613555535e-06,0.0029502385239771117,0.0025990903183885743,1283,0.0020919095615144394,1.1760434452237574,1.1827825953297897,1.476992766579951,1.8171480054117168,1.4131413285225398,1.435580426342617
XOM,10:20,188173.0,230351.4207824887,0.001476218881748123,4.468538139626144e-06,0.002738609111802898,0.0023765843895930338,1283,0.002113891704800921,1.085531083218093,1.1114155066834526,1.3839372181696001,1.8555384616733765,1.311772484531188,1.4506657508765735
XOM,10:25,177108.0,215509.58916388935,0.0013212293288711967,3.075619745943906e-06,0.002563908782766657,0.0022747952684258415,1283,0.0017537444927765008,1.021699388788987,1.039805608413834,1.2386364004481525,1.2771359567177112,1.228092384410065,1.2035134371743383
XOM,10:30,199645.0,238654.4768102837,0.0014930984341233646,4.006546927859924e-06,0.002825539798086188,0.0024686481682630592,1283,0.0020016360627896183,1.1517106763939364,1.1514766671087082,1.3997615928927287,1.6636988855969304,1.353411607776769,1.3736299146326376
XOM,10:35,180995.0,218670.08479664536,0.0013910387164813235,3.5324820195007127e-06,0.0026356385596421417,0.002351097178683316,1283,0.001879489829581611,1.0441226871392748,1.0550545868795114,1.3040818509066072,1.4668457664549786,1.2624503901660884,1.2898066247682562
XOM,10:40,174895.0,209383.2202271364,0.0013673933204226693,3.327925056511192e-06,0.002541164660508918,0.0021920811070009123,1283,0.0018242601394842766,1.0089330499031657,1.0102466787886486,1.2819145801525702,1.3819044947079036,1.2171981265789886,1.2519050521977373
XOM,10:45,172486.0,208068.66352650741,0.0012746877036051766,2.8650285929931403e-06,0.002427950304473905,0.002143575834463365,1283,0.001692639534275724,0.9950360275913972,1.003904114473088,1.195004193736724,1.189689017298508,1.162969329756328,1.1615799406264822
XOM,10:50,161766.0,197672.69796166796,0.0012569287859587814,2.8715563973926026e-06,0.0023446328773259425,0.002070579762333489,1283,0.0016945667285157592,0.9331945667436775,0.9537449389991067,1.1783554247844186,1.1923996559357999,1.1230609295601865,1.1629024845737224
XOM,10:55,162595.0,195428.1551144123,0.001172250217457453,2.5540425175372006e-06,0.0022392776458011318,0.0019916868721856942,1283,0.001598137202350662,0.9379768961319946,0.9429153130415967,1.0989702983785448,1.0605535806025075,1.0725965923095604,1.0967273769921648
XOM,11:00,167529.0,200389.0631685869,0.001270496462748017,2.91667241287137e-06,0.0024030296262427613,0.002122391227449548,1283,0.0017078268099755814,0.9664401207423164,0.9668510461918896,1.1910749564913181,1.2111338592350713,1.151032518526649,1.1720022629511624
XOM,11:05,152098.0,183882.59690580904,0.0011585803832023745,2.3878821600273284e-06,0.002201315266172328,0.0019370906742921128,1283,0.0015452773731687553,0.8774218761209394,0.8872095032715986,1.0861549952919116,0.9915563102355232,1.0544129074493251,1.0604521299597727
XOM,11:10,145263.0,177461.0364670265,0.0011659278163044032,2.5028227216596334e-06,0.0021586142863561824,0.001870527000650535,1283,0.001582031201228229,0.8379921760375285,0.8562263132199641,1.0930431243177832,1.039284812544541,1.0339594699200585,1.08567457605689
XOM,11:15,149971.0,178122.44566476304,0.0011287335847730295,2.2264559156723147e-06,0.0021130329051740554,0.0018744142455482439,1283,0.0014921313332519745,0.8651516534322173,0.8594175261768034,1.0581739853615535,0.9245248570477312,1.012126342518288,1.0239804697858406
XOM,11:20,141271.0,171246.96845498518,0.001113961530741746,2.1683829020282607e-06,0.0020590251232311322,0.0018002571795970317,1283,0.0014725430051540976,0.8149631544233403,0.8262442470156067,1.044325364662097,0.9004103240539857,0.9862570346283982,1.0105379094957432
XOM,11:25,144239.0,173864.81867120342,0.0010718980950116864,2.0124429457305907e-06,0.0020042708430817045,0.0017373175816539509,1283,0.0014186059867808928,0.8320849320162538,0.8388750322506018,1.0048914060868084,0.835657024970317,0.9600301598981644,0.973523437524116
XOM,11:30,145588.0,176490.81665715744,0.0010784668738667515,2.0839681382687764e-06,0.002049450876566732,0.001785369619764546,1283,0.0014435955591053807,0.8398670337591244,0.8515451294099533,1.0110495562418076,0.8653575090181719,0.9816710448716466,0.9906726210030311
XOM,11:35,131261.0,159966.01791691504,0.0010246847800865447,1.912284474425661e-06,0.001944906677024166,0.0016890245883001975,1283,0.0013828537429625958,0.7572175365981841,0.7718151346812872,0.9606294985025545,0.794066712890256,0.9315951856384922,0.948988332198521
XOM,11:40,131619.0,158345.21317784957,0.001038061064626023,1.923264913899822e-06,0.0019138080523333199,0.0017067759003243116,1283,0.0013868182699617935,0.7592827644884345,0.7639949635958031,0.973169602306869,0.7986262863198089,0.9166991860595824,0.9517090030460861
XOM,11:45,123789.0,151500.9969660125,0.0009867145596784627,1.765667898066929e-06,0.0018293360770710082,0.0016077170418005715,1283,0.001328784368536494,0.7141131153804452,0.7309725146649899,0.9250328794275972,0.7331849014226561,0.8762377662879408,0.9118830304117134
XOM,11:50,120794.0,148607.26397442012,0.000950912276032736,1.6212067385029132e-06,0.0017770088962940226,0.0015447991761070427,1283,0.0012732661695430824,0.6968355803768146,0.7170106310867065,0.8914686746572912,0.6731981161668874,0.8511734532976322,0.8737834675783006
XOM,11:55,121080.0,150085.13550316915,0.000943329007834244,1.6779536095247166e-06,0.001740893644245352,0.0014819205690574744,1283,0.001295358486877172,0.698485455171819,0.7241411681086103,0.8843594531014558,0.6967619749659943,0.8338745281954052,0.8889443994468889
XOM,12:00,125698.0,155026.54419409274,0.0009965373793483854,2.0010886264877887e-06,0.0018427391747980837,0.0015873715772299715,1283,0.0014145983975983392,0.7251257411974505,0.747982819379078,0.9342416532054236,0.8309421998076297,0.8826577459521017,0.9707732150990456
XOM,12:05,116460.0,142924.25712554404,0.0009868902211404838,1.7522809114829069e-06,0.0017702185220504734,0.0015656658684840828,1283,0.001323737478310147,0.6718336315602085,0.6895908656041517,0.9251975599083135,0.7276260211543462,0.8479209167987329,0.9084195839242857
XOM,12:10,116316.0,139958.90737862355,0.0008955540036214752,1.436531590300596e-06,0.0016982548264089796,0.0014677728142947657,1283,0.001198553958026336,0.6710029253697167,0.6752834405391277,0.8395709686526155,0.5965126701222667,0.8134508657714279,0.822511944929605
XOM,12:15,114129.0,145161.11323726265,0.0009303592625128413,1.6992972708744987e-06,0.0017189986706764137,0.0014758332308447957,1283,0.0013035709688676328,0.6583865751016231,0.7003834040670737,0.8722004748615793,0.7056248252561712,0.82338700598806,0.8945802446163433
XOM,12:20,110162.0,138893.12807785269,0.0009327076010323903,1.5756254159438143e-06,0.001687893490225751,0.0014344458257627014,1283,0.0012552391867464202,0.6355017733121732,0.6701411946716821,0.8744020136159248,0.6542706963934434,0.8084878662511389,0.8614123860913132
XOM,12:25,107962.0,137491.71581715043,0.0008721685746613985,1.509418445445422e-06,0.00161763545706382,0.0013765256492613168,1283,0.0012285839187639654,0.6228104287352157,0.6633795636276455,0.8176474138865457,0.6267785778633955,0.7748348142979057,0.8431201130033569
XOM,12:30,116021.0,142784.07719424475,0.0009039757316458679,1.6505373437871816e-06,0.0016659390751522375,0.0014218009478673525,1283,0.0012847324016257945,0.6693011314378066,0.6889145157520752,0.8474662360810182,0.6853775056022148,0.797971872024985,0.8816522103981033
XOM,12:35,108965.0,137775.68619597037,0.0008999480962475025,1.609830174402262e-06,0.0016335759635861587,0.0013918886489080492,1283,0.0012687908316197205,0.6285965281037105,0.6647496836008028,0.8436903769601711,0.6684740539365006,0.7824701930583773,0.8707122509051496
XOM,12:40,105231.0,136113.9194974778,0.0008516761407213501,1.5373686425546861e-06,0.0015727812234902628,0.0013533325814819505,1283,0.00123990670719804,0.60705585508082,0.6567318764133283,0.7984360067089522,0.6383847596004795,0.7533499849504299,0.8508904171057046
XOM,12:45,104168.0,128486.43328673735,0.0008191002680257898,1.204577769130663e-06,0.0015368529267164807,0.0013204225352113177,1283,0.0010975325822638084,0.6009236281329537,0.619930252082841,0.7678965228999157,0.5001949879039544,0.7361406099721618,0.7531856641214152
XOM,12:50,101360.0,126291.78310643726,0.0008216134038727601,1.2744582986855658e-06,0.0015023319702546928,0.0012828736369468702,1283,0.001128919084206466,0.5847248574183646,0.6093413517242261,0.7702525571411386,0.529212533745484,0.7196053400677754,0.7747247634540002
XOM,12:55,102006.0,128865.75351713641,0.0007689170401071221,1.0536806849268554e-06,0.0014780398835423359,0.0012618296529968505,1283,0.0010264894957703443,0.5884514976895984,0.6217604226310937,0.7208503580640551,0.4375357166287278,0.7079696192912031,0.7044320916566724
XOM,13:00,110761.0,136222.04413695322,0.000891859602359672,1.5013505720812944e-06,0.0016852298868391452,0.001434514416869808,1283,0.0012252961160802293,0.6389572803128993,0.6572535636708209,0.8361075124752987,0.6234284331710418,0.8072120209261544,0.8408638466401822
XOM,13:05,102655.0,128073.42265886905,0.000865573878300903,1.4629942531373013e-06,0.0015844851561230158,0.0013860654222878533,1283,0.0012095429935051094,0.5921954443398009,0.6179375297689147,0.8114649663859355,0.6075011605765317,0.7589560777375619,0.8300532098714273
XOM,13:10,101992.0,123757.25476402495,0.0008311151210926386,1.3942834393679516e-06,0.001507757883531068,0.0012965050732806638,1283,0.001180797797833292,0.588370734587745,0.5971125836431921,0.7791603012837559,0.5789693334558681,0.7222043103657731,0.8103267164239882
XOM,13:15,101709.0,128569.21871694388,0.0008309306751773115,1.5509608669042561e-06,0.0015302753282213774,0.001261408325294854,1283,0.0012453757934472052,0.5867381661717092,0.6203296809665286,0.7789873854850783,0.6440288638404469,0.7329899914034205,0.8546435971253977
XOM,13:20,103428.0,128538.21670199999,0.0008339250145442139,1.5994712118096868e-06,0.0015182139022779627,0.0012861100118717397,1283,0.0012647020249093013,0.5966547213207045,0.6201801002952655,0.7817945421641606,0.6641725457221906,0.727212662098339,0.8679062926607948
XOM,13:25,103772.0,126610.89383418395,0.0007814467863804228,1.1812436407637024e-06,0.001486315964936127,0.0012774655084313207,1283,0.0010868503304336354,0.5986391861091015,0.6108810192893834,0.7325968425564553,0.4905056059849402,0.7119337979705652,0.7458549305568356
XOM,13:30,103777.0,128579.09914546454,0.0008355606343698086,1.3798724763451132e-06,0.0015332226501827868,0.0013092677452539096,1283,0.001174679733521062,0.5986680300740491,0.6203773527431264,0.7833279158253454,0.5729852520128782,0.7344017357211359,0.8061281728849529
XOM,13:35,101132.0,125690.58822592987,0.000766691566549462,1.1115636211384837e-06,0.001476642816213919,0.0012452192475318024,1283,0.0010543071758925308,0.5834095726167525,0.6064406649801858,0.7187640037147252,0.46157132090450304,0.7073004348966297,0.7235220742373536
XOM,13:40,100490.0,124716.73971177086,0.0007752151757125183,1.1249451048278258e-06,0.0014477942468324797,0.0012100259291270576,1283,0.0010606342936317992,0.5797060075174768,0.6017419731461164,0.7267547834694972,0.4671279161228906,0.6934821943271503,0.7278640814391769
XOM,13:45,101562.0,127028.34689324786,0.0007728592615612642,1.1613778134017692e-06,0.0014747045749280464,0.0012302732054980147,1283,0.0010776724054190909,0.5858901536022488,0.6128951757533636,0.7245461426527153,0.4822564189821155,0.7063720323815603,0.7395565466554868
XOM,13:50,100342.0,129285.89771577084,0.0007204029496874734,1.0681630947836465e-06,0.0014026980056733491,0.0011645316918981914,1283,0.0010335197602289212,0.578852226155027,0.6237875634918671,0.6753689892998986,0.44354946601774875,0.6718814452266748,0.7092566358121275
XOM,13:55,99654.0,126340.95852249104,0.0007586480162194486,1.1303885978002647e-06,0.0013981610118440214,0.001168029367595533,1283,0.0010631973465919978,0.574883296578233,0.6095786166812388,0.7112232732677987,0.4693882997787084,0.6697082604365746,0.7296229857097215
XOM,14:00,124096.0,155763.5136356103,0.000896581405732222,1.5495332917564905e-06,0.001738809137906432,0.001444887849181285,1283,0.001244802511146443,0.7158841348282298,0.7515386006391721,0.8405341456155092,0.6434360702889904,0.8328760658564605,0.8542501800939525
XOM,14:05,112206.0,139748.74662957364,0.0008533568008554554,1.4638224606944878e-06,0.0015964115177905102,0.0013415615776764661,1283,0.001209885308901008,0.6472931861827645,0.674269442385364,0.8000116051106797,0.6078450696869812,0.7646687123039777,0.8302881250374692
XOM,14:10,109795.0,138924.84056998673,0.0008112130239690046,1.2308894635266185e-06,0.0015123165932433584,0.001288659793814346,1283,0.0011094545792985932,0.6333846262850171,0.6702942033025541,0.7605023276799995,0.5111207894564899,0.7243878968950719,0.7613671772713726
XOM,14:15,112435.0,136261.01628917147,0.0008140863565597075,1.22264662986365e-06,0.0015218441411779867,0.0013071895424836533,1283,0.0011057335257030284,0.648614239777366,0.6574415992130245,0.7631960419805134,0.5076979933614579,0.7289515183231294,0.7588135909187688
XOM,14:20,111892.0,136708.57616745672,0.0008237216601455223,1.2586454245647644e-06,0.0014928766404750777,0.0012924349474410278,1283,0.0011218936779235208,0.6454817851840533,0.6596010171458762,0.7722290217138312,0.5226463156213614,0.715076310574807,0.7699035532389663
XOM,14:25,119793.0,146432.90541838892,0.0008234260593233554,1.2877825511630662e-06,0.0015428855664667716,0.0013380163907007576,1283,0.0011348050718793365,0.6910610185942989,0.7065196351638083,0.7719518995440933,0.5347453639849318,0.7390301975366722,0.7787640435683612
XOM,14:30,117785.0,145631.08632781918,0.0007909083171704337,1.2486705307455292e-06,0.0015295739683304607,0.0012882171075232368,1283,0.0011174392738513934,0.6794772822713305,0.7026509628205388,0.7414669124106275,0.5185042900742218,0.7326540454655015,0.7668467024961754
XOM,14:35,114406.0,137365.95981209588,0.0007701696087382783,1.2766949832704673e-06,0.0014646204413326237,0.0012285012285011456,1283,0.0011299092809913844,0.6599845307597219,0.6627728073350149,0.722024625896828,0.5301413060070684,0.7015418107468621,0.7754042895428944
XOM,14:40,111223.0,136068.8814290686,0.0007669708152740306,1.2794434154881009e-06,0.0014435387947611246,0.0012031625988312184,1283,0.001131124845226247,0.6416224626740603,0.6565145736180991,0.719025795992168,0.5312825789535601,0.6914438658514337,0.7762384748512055
XOM,14:45,111404.0,142627.40167560795,0.000743824188116581,1.1211141492058685e-06,0.0014223993689184311,0.0011773940345369363,1283,0.0010588267796036652,0.6426666142051646,0.6881585768464714,0.6973261150069499,0.4655371306625476,0.6813182451340698,0.7266236684658501
XOM,14:50,111727.0,138789.16280573187,0.0007064959588345438,9.82018399191285e-07,0.0013955571266301174,0.0011733381470282545,1283,0.0009909684148303038,0.6445299343407815,0.6696395758181967,0.6623313547918492,0.4077783053056361,0.6684610196522817,0.6800556226839233
XOM,14:55,121405.0,144385.63053209975,0.0007350186530774537,1.0272152217687304e-06,0.001374110684076405,0.0011397866970609832,1283,0.0010135162661589257,0.700360312893415,0.69664180134218,0.6890710331778149,0.4265460633547805,0.658188340315975,0.6955291663872272
XOM,15:00,131427.0,159913.6895584318,0.0008402207869852377,1.3482290843611506e-06,0.0015761126445144782,0.0013144922773578424,1283,0.0011611326730228337,0.7581751562344455,0.7715626571890277,0.7876967521317918,0.5598454892874868,0.7549457097346353,0.7968314541149233
XOM,15:05,130632.0,155152.60031610366,0.0007696409259811802,1.1157322583734334e-06,0.0014613332999772865,0.0012491325468423863,1283,0.0010562822815769625,0.7535889658077722,0.7485910236968086,0.7215289922525231,0.4633023269920689,0.6999672955799797,0.7248774975848502
XOM,15:10,136010.0,163230.43630627514,0.0007844218896615319,1.1458073574470517e-06,0.0014597289186820091,0.0012415750266051842,1283,0.0010704239148333018,0.7846135345054436,0.7875655268686369,0.7353859656394426,0.4757908638079156,0.6991988094061877,0.7345822440389079
XOM,15:15,141517.0,171228.8142571255,0.00074991233623981,1.0662947630254025e-06,0.0014921011997872584,0.0012452746275294691,1283,0.0010326154962159936,0.8163822774987638,0.8261566553830302,0.703033679705952,0.44277365045385214,0.7147048805108073,0.7086360813956808
XOM,15:20,146480.0,172718.01877446767,0.0007959435110759834,1.232931343568136e-06,0.0015018626658277218,0.0012612107623318862,1283,0.0011103744159373162,0.8450127971057817,0.8333418725940844,0.7461873453577654,0.5119686700905525,0.7193805468939283,0.7619984184580266
XOM,15:25,153728.0,180435.32553152455,0.0007743467196760283,1.1220245582887135e-06,0.0014750382382783093,0.0012725884448969685,1283,0.0010592566064409102,0.8868250086938668,0.8705768693242546,0.7259406165149197,0.4659151735518082,0.7065318545336465,0.726918638671837
XOM,15:30,187242.0,220479.7451483188,0.0009158816280559515,1.5949399819474873e-06,0.0016933862876833611,0.001460463175464195,1283,0.001262909332433444,1.0801603369448443,1.0637859616192369,0.8586278689264636,0.6622909748313808,0.8111188735522329,0.8666760510307842
XOM,15:35,187914.0,222920.65304325958,0.0008690628980712974,1.4504781857263268e-06,0.0016499065751899582,0.0014290982850820684,1283,0.0012043579973273423,1.0840369658338058,1.0755630232740243,0.8147358799170376,0.6023039252068673,0.7902924291216055,0.8264949876803709
XOM,15:40,214437.0,249175.63137775447,0.0008831684283020486,1.387984341903642e-06,0.001644934309017462,0.0014366525994432664,1283,0.0011781274726886059,1.2370426622950064,1.202239863162715,0.827959642673165,0.5763536642473619,0.7879107522613573,0.808494196232768
XOM,15:45,274188.0,322588.94439347775,0.000944013635907936,1.518074441340107e-06,0.001843744751283379,0.0016139751257951364,1283,0.0012321016359619474,1.5817338122121798,1.5564495060011048,0.8850012835803236,0.6303729375409475,0.8831394092748508,0.8455341590251054
XOM,15:50,908241.0,837708.1169410194,0.0012005420673940194,2.624035616974928e-06,0.002339998392786719,0.0020799029378628553,1283,0.0016198875321993586,5.239454313600166,4.041832206114275,1.1254935630394856,1.0896178705336435,1.1208410474775858,1.1116536187244697
XOM,15:55,1000299.0,1110252.703423879,0.001303357799175447,2.8272922376445956e-06,0.0025600352346153567,0.0023070469798657004,1283,0.001681455392701393,5.770517858629959,5.356824224182638,1.22188205907143,1.1740191815346228,1.2262369849445176,1.1539047834280367
